Date,Name,Year,Letterboxd URI,Rating,Rewatch,Tags,Watched Date
2025-10-21,2012,2009,https://boxd.it/brqoll,4,,,2023-03-12
2025-10-21,Dunkirk,2017,https://boxd.it/brqolv,4.5,,,2023-03-12
2025-10-21,The Battle at Lake Changjin,2021,https://boxd.it/brqol1,2,,,2023-05-03
2025-10-21,Oceans Rising,2017,https://boxd.it/brqolb,2,,,2023-05-03
2025-10-21,Deep Sea,2023,https://boxd.it/brqokR,3,,,2023-05-04
2025-10-21,The Bucket List,2007,https://boxd.it/brqokn,5,,,2023-06-19
2025-10-21,Saw,2004,https://boxd.it/brqojT,4,,,2023-07-14
2025-10-21,1917,2019,https://boxd.it/brqojz,5,,,2023-07-17
2025-10-21,The Grand Budapest Hotel,2014,https://boxd.it/brqohX,5,,,2023-07-20
2025-10-21,Source Code,2011,https://boxd.it/brqodh,4,,,2023-07-21
2025-10-21,Good Will Hunting,1997,https://boxd.it/brqohN,4,,,2023-07-21
2025-10-21,The Intouchables,2011,https://boxd.it/brqoih,4,,,2023-07-24
2025-10-21,The Shawshank Redemption,1994,https://boxd.it/brqocD,4,,,2023-07-26
2025-10-21,Farewell My Concubine,1993,https://boxd.it/brqobP,5,,,2023-07-27
2025-10-21,Life of Pi,2012,https://boxd.it/brqobZ,5,,,2023-07-27
2025-10-21,Dangal,2016,https://boxd.it/brqoc9,3,,,2023-07-27
2025-10-21,Dying to Survive,2018,https://boxd.it/brqocj,3,,,2023-07-27
2025-10-21,The Chorus,2004,https://boxd.it/brqoct,4,,,2023-07-27
2025-10-21,Forrest Gump,1994,https://boxd.it/brqobF,4,,,2023-07-28
2025-10-21,Zootopia,2016,https://boxd.it/brqoaH,3,,,2023-07-29
2025-10-21,Life Is Beautiful,1997,https://boxd.it/brqok3,5,,,2023-07-29
2025-10-21,Schindler's List,1993,https://boxd.it/brqojf,5,,,2023-07-31
2025-10-21,Mission: Impossible – Fallout,2018,https://boxd.it/brqo9J,3,,,2023-08-02
2025-10-21,Interstellar,2014,https://boxd.it/brqo9T,5,,,2023-08-02
2025-10-21,Inception,2010,https://boxd.it/brqo9p,5,,,2023-08-03
2025-10-21,China's Post-00s,2019,https://boxd.it/brqo8V,3,,,2023-08-04
2025-10-21,The Truman Show,1998,https://boxd.it/brqo95,5,,,2023-08-04
2025-10-21,A Perfect World,1993,https://boxd.it/brqoj5,4,,,2023-08-04
2025-10-21,Witness for the Prosecution,1957,https://boxd.it/brqo7t,5,,,2023-08-05
2025-10-21,The Godfather,1972,https://boxd.it/brrJVB,5,,,2023-08-06
2025-10-21,Flipped,2010,https://boxd.it/brqo6Z,2,,,2023-08-07
2025-10-21,The Dark Knight,2008,https://boxd.it/brqocN,5,,,2023-08-07
2025-10-21,Saw II,2005,https://boxd.it/brqo6F,4,,,2023-08-08
2025-10-21,Harry Potter and the Philosopher's Stone,2001,https://boxd.it/brqo6P,4,,,2023-08-08
2025-10-21,Prequel of the Monkey King,2009,https://boxd.it/brqo7N,1,,,2023-08-08
2025-10-21,Cargo,2013,https://boxd.it/brqo4z,3,,,2023-08-09
2025-10-21,The Conjuring,2013,https://boxd.it/brqo4J,4,,,2023-08-09
2025-10-21,Harry Potter and the Chamber of Secrets,2002,https://boxd.it/brqo4T,4,,,2023-08-09
2025-10-21,The Prestige,2006,https://boxd.it/brqoh9,4,,,2023-08-10
2025-10-21,Passengers,2016,https://boxd.it/brqo45,3,,,2023-08-17
2025-10-21,The Boy in the Striped Pyjamas,2008,https://boxd.it/brqo3V,3,,,2023-08-21
2025-10-21,No Country for Old Men,2007,https://boxd.it/brqo6v,5,,,2023-08-21
2025-10-21,I Spit on Your Grave,2010,https://boxd.it/brqo4p,3,,,2023-08-24
2025-10-21,Bohemian Rhapsody,2018,https://boxd.it/brqoe5,4,,,2023-09-01
2025-10-21,Saw III,2006,https://boxd.it/brqo1l,4,,,2023-10-04
2025-10-21,Unfriended: Dark Web,2018,https://boxd.it/brqo11,4,,,2023-10-05
2025-10-21,Unfriended,2014,https://boxd.it/brqo1b,3,,,2023-10-05
2025-10-21,Saw IV,2007,https://boxd.it/brqo0R,4,,,2023-10-06
2025-10-21,The Green Planet,2022,https://boxd.it/brqo0H,5,,,2023-10-18
2025-10-21,Saw V,2008,https://boxd.it/brqnZ5,4,,,2023-10-26
2025-10-21,Ju-on: The Grudge,2002,https://boxd.it/brqnZf,3,,,2023-10-27
2025-10-21,Se7en,1995,https://boxd.it/brqodL,4,,,2023-12-11
2025-10-21,Run with the Wind,2018,https://boxd.it/brqnYr,5,,,2023-12-17
2025-10-21,Liverleaf,2018,https://boxd.it/brqnYL,2,,,2023-12-17
2025-10-21,Invictus,2009,https://boxd.it/brqnY7,4,,,2023-12-24
2025-10-21,Room 8,2013,https://boxd.it/brqnXj,4,,,2023-12-28
2025-10-21,Doodlebug,1997,https://boxd.it/brqnXt,4,,,2023-12-28
2025-10-21,Floor 9.5,2017,https://boxd.it/brqnXN,3,,,2023-12-28
2025-10-21,Total Fury,2007,https://boxd.it/brqnX9,2,,,2023-12-29
2025-10-21,The Hunt,2012,https://boxd.it/brqohj,5,,,2023-12-29
2025-10-21,Runaway Jury,2003,https://boxd.it/brqnWZ,4,,,2023-12-30
2025-10-21,Overrun,2017,https://boxd.it/brqnWv,4,,,2024-01-01
2025-10-21,Alleycats,2017,https://boxd.it/brqnWb,4,,,2024-01-02
2025-10-21,Soul,2020,https://boxd.it/brqnWl,4,,,2024-01-02
2025-10-21,Bilby,2018,https://boxd.it/brqnVR,3,,,2024-01-09
2025-10-21,Death's Game,2023,https://boxd.it/brqnYh,4,,,2024-01-12
2025-10-21,Tenet,2020,https://boxd.it/brqnUJ,4.5,,,2024-02-13
2025-10-21,Johnny Keep Walking!,2023,https://boxd.it/brqnUf,3,,,2024-02-22
2025-10-21,Le Trou,1960,https://boxd.it/brqnXX,5,,,2024-02-22
2025-10-21,Searching,2018,https://boxd.it/brqo8B,4,,,2024-02-22
2025-10-21,Sherlock Jr.,1924,https://boxd.it/brqo1P,5,,,2024-02-24
2025-10-21,The Dancing Pig,1907,https://boxd.it/brqnTB,3,,,2024-02-25
2025-10-21,The Scarecrow,1920,https://boxd.it/brrESH,5,,,2024-02-25
2025-10-21,Titanic,1997,https://boxd.it/brqnTr,4,,,2024-02-27
2025-10-21,City of God,2002,https://boxd.it/brqnTh,5,,,2024-02-29
2025-10-21,Kill Bill: Vol. 1,2003,https://boxd.it/brqo8L,4,,,2024-03-01
2025-10-21,Le Samouraï,1967,https://boxd.it/brqnT7,4,,,2024-03-02
2025-10-21,Dune,2021,https://boxd.it/brqnSX,4,,,2024-03-03
2025-10-21,Fight Club,1999,https://boxd.it/brqnSN,5,,,2024-03-04
2025-10-21,Piper,2016,https://boxd.it/brqnSD,4,,,2024-03-05
2025-10-21,Insomnia,2002,https://boxd.it/brqnSj,5,,,2024-03-06
2025-10-21,100 Yen Love,2014,https://boxd.it/brqnUT,4,,,2024-03-07
2025-10-21,The 400 Blows,1959,https://boxd.it/brqnU5,5,,,2024-03-08
2025-10-21,Dead Poets Society,1989,https://boxd.it/brqnRv,4,,,2024-03-10
2025-10-21,Dune: Part Two,2024,https://boxd.it/brqnRF,4,,,2024-03-10
2025-10-21,Yolo,2024,https://boxd.it/brqnRb,1,,,2024-03-11
2025-10-21,Some Thing,2015,https://boxd.it/brqnR1,3,,,2024-03-12
2025-10-21,There Will Be Blood,2007,https://boxd.it/brqo3L,5,,,2024-03-12
2025-10-21,The Usual Suspects,1995,https://boxd.it/brqnQR,4,,,2024-03-13
2025-10-21,The King's Speech,2010,https://boxd.it/brqnS9,4,,,2024-03-15
2025-10-21,12 Angry Men,1957,https://boxd.it/brqnLR,5,,,2024-03-17
2025-10-21,Harry Potter and the Prisoner of Azkaban,2004,https://boxd.it/brqnLx,4,,,2024-03-18
2025-10-21,The Kármán Line,2014,https://boxd.it/brqnLH,3,,,2024-03-18
2025-10-21,Harry Potter and the Goblet of Fire,2005,https://boxd.it/brqnLd,4,,,2024-03-20
2025-10-21,Ollie,2023,https://boxd.it/brqnLn,3,,,2024-03-20
2025-10-21,Twilight,2008,https://boxd.it/brqnL3,2,,,2024-03-22
2025-10-21,Harry Potter and the Order of the Phoenix,2007,https://boxd.it/brqnKT,4,,,2024-03-24
2025-10-21,Harry Potter and the Half-Blood Prince,2009,https://boxd.it/brqnKz,4,,,2024-03-25
2025-10-21,Harry Potter and the Deathly Hallows: Part 1,2010,https://boxd.it/brqnK5,5,,,2024-03-27
2025-10-21,Harry Potter and the Deathly Hallows: Part 2,2011,https://boxd.it/brqnJB,4,,,2024-03-28
2025-10-21,A Beautiful Mind,2001,https://boxd.it/brqnJ7,4,,,2024-03-29
2025-10-21,Darkest Hour,2017,https://boxd.it/brqnQH,5,,,2024-03-31
2025-10-21,Calls,2021,https://boxd.it/brqo7X,4,,,2024-03-31
2025-10-21,Whiplash,2014,https://boxd.it/brqnI9,4,,,2024-04-02
2025-10-21,Trainspotting,1996,https://boxd.it/brqoir,3,,,2024-04-03
2025-10-21,Land of Mine,2015,https://boxd.it/brqnHv,4,,,2024-04-04
2025-10-21,Sallie Gardner at a Gallop,1878,https://boxd.it/brqnFJ,4,,,2024-04-07
2025-10-21,Roundhay Garden Scene,1888,https://boxd.it/brqnGd,5,,,2024-04-07
2025-10-21,Apocalypse Now,1979,https://boxd.it/brqokx,5,,,2024-04-07
2025-10-21,Heat,1995,https://boxd.it/brqoa3,4,,,2024-04-09
2025-10-21,Grand Illusion,1937,https://boxd.it/brqnE7,5,,,2024-04-10
2025-10-21,Workers Leaving the Lumière Factory,1895,https://boxd.it/brqnEh,5,,,2024-04-10
2025-10-21,The Kiss,1896,https://boxd.it/brqnEB,4,,,2024-04-10
2025-10-21,Moon Man,2022,https://boxd.it/brqnDj,2,,,2024-04-13
2025-10-21,The Cremator,1969,https://boxd.it/brqogP,5,,,2024-04-13
2025-10-21,Girl with a Pearl Earring,2003,https://boxd.it/brqnDt,4.5,,,2024-04-15
2025-10-21,Boyhood,2014,https://boxd.it/brqnxv,4,,,2024-04-18
2025-10-21,Moonfall,2022,https://boxd.it/brqnwn,,,,2024-04-20
2025-10-21,Curve,2016,https://boxd.it/brqnwx,3,,,2024-04-20
2025-10-21,Gone with the Wind,1939,https://boxd.it/brqnwd,5,,,2024-04-21
2025-10-21,Sunset Boulevard,1950,https://boxd.it/brqo1F,5,,,2024-04-23
2025-10-21,Waterloo Bridge,1940,https://boxd.it/brqnvJ,4,,,2024-04-24
2025-10-21,The Cure,1995,https://boxd.it/brqnvf,3,,,2024-04-26
2025-10-21,Psycho,1960,https://boxd.it/brqnuV,5,,,2024-04-27
2025-10-21,Kung Fu Hustle,2004,https://boxd.it/brqnuB,5,,,2024-04-28
2025-10-21,Elephant,2003,https://boxd.it/brqnuL,5,,,2024-04-28
2025-10-21,Fanny's Journey,2016,https://boxd.it/brqnv5,3,,,2024-04-30
2025-10-21,Un Chien Andalou,1929,https://boxd.it/brqnoX,3,,,2024-05-02
2025-10-21,Misery,1990,https://boxd.it/brqnvz,4,,,2024-05-02
2025-10-21,Son of Saul,2015,https://boxd.it/brqnph,3,,,2024-05-03
2025-10-21,Black Swan,2010,https://boxd.it/brqno9,4,,,2024-05-04
2025-10-21,The Bourne Identity,2002,https://boxd.it/brqnnP,3,,,2024-05-05
2025-10-21,Rain Man,1988,https://boxd.it/brqnnb,4,,,2024-05-06
2025-10-21,Room,2015,https://boxd.it/brqnmx,2,,,2024-05-07
2025-10-21,A Generation,1955,https://boxd.it/brqnmH,4,,,2024-05-07
2025-10-21,Run Lola Run,1998,https://boxd.it/brqnnF,4,,,2024-05-08
2025-10-21,The House Is Black,1963,https://boxd.it/brqnx1,4,,,2024-05-08
2025-10-21,One Week,1920,https://boxd.it/brqo1Z,5,,,2024-05-08
2025-10-21,Being John Malkovich,1999,https://boxd.it/brqnnv,4,,,2024-05-10
2025-10-21,"Black Cat, White Cat",1998,https://boxd.it/brqnwR,5,,,2024-05-11
2025-10-21,Twisters,2024,https://boxd.it/brqnnZ,2,,,2024-05-12
2025-10-21,Walkover,1965,https://boxd.it/brqnlT,3,,,2024-05-13
2025-10-21,Dolores Claiborne,1995,https://boxd.it/brqnmn,5,,,2024-05-13
2025-10-21,Never Weaken,1921,https://boxd.it/brqnxb,4,,,2024-05-13
2025-10-21,Rosemary's Baby,1968,https://boxd.it/brqnm3,3,,,2024-05-15
2025-10-21,Dead Silence,2007,https://boxd.it/brqojJ,3,,,2024-05-16
2025-10-21,"The Pig, the Snake and the Pigeon",2023,https://boxd.it/brqnl5,3,,,2024-05-18
2025-10-21,The High Sign,1921,https://boxd.it/brqnlJ,5,,,2024-05-18
2025-10-21,Wings of Desire,1987,https://boxd.it/brqnpr,5,,,2024-05-19
2025-10-21,"Lock, Stock and Two Smoking Barrels",1998,https://boxd.it/brqoiB,4,,,2024-05-21
2025-10-21,Pulp Fiction,1994,https://boxd.it/brqoht,4,,,2024-05-23
2025-10-21,The Imitation Game,2014,https://boxd.it/brqneD,3,,,2024-05-25
2025-10-21,The Pianist,2002,https://boxd.it/brqogv,4,,,2024-05-26
2025-10-21,Convict 13,1920,https://boxd.it/brqndP,4,,,2024-06-01
2025-10-21,Suspense.,1913,https://boxd.it/brqnxP,4,,,2024-06-01
2025-10-21,The Silence of the Lambs,1991,https://boxd.it/brqohD,3,,,2024-06-01
2025-10-21,Pegasus 2,2024,https://boxd.it/brqndF,3,,,2024-06-02
2025-10-21,Manchester by the Sea,2016,https://boxd.it/brqogZ,5,,,2024-06-03
2025-10-21,Mr. Tree,2011,https://boxd.it/brqo7D,5,,,2024-06-05
2025-10-21,Orlando,1992,https://boxd.it/brqnoN,3,,,2024-06-06
2025-10-21,Due Date,2010,https://boxd.it/brqncR,4,,,2024-06-07
2025-10-21,Date by the Sea,2021,https://boxd.it/brqn7n,3,,,2024-06-08
2025-10-21,All This Surveillance,2019,https://boxd.it/brqn7R,3,,,2024-06-08
2025-10-21,Neighbors,1920,https://boxd.it/brqnbf,5,,,2024-06-08
2025-10-21,The Goat,1921,https://boxd.it/brqnbp,5,,,2024-06-08
2025-10-21,7 billion,2016,https://boxd.it/brqnbz,2,,,2024-06-08
2025-10-21,MEOW,2009,https://boxd.it/brqnbJ,4,,,2024-06-08
2025-10-21,Welcome to Kitty City,2011,https://boxd.it/brqnbT,3,,,2024-06-08
2025-10-21,Baaa,2011,https://boxd.it/brqnc3,2,,,2024-06-08
2025-10-21,malfunction,2014,https://boxd.it/brqncd,2,,,2024-06-08
2025-10-21,Cows & Cows & Cows,2010,https://boxd.it/brqncH,3,,,2024-06-08
2025-10-21,A Short Film About Love,1988,https://boxd.it/brqnDN,3,,,2024-06-08
2025-10-21,Warm Bodies,2013,https://boxd.it/brqn7d,4,,,2024-06-10
2025-10-21,Alice,1988,https://boxd.it/brqnxF,3,,,2024-06-10
2025-10-21,The General,1926,https://boxd.it/brqnxl,5,,,2024-06-11
2025-10-21,A Clockwork Orange,1971,https://boxd.it/brqoiL,4,,,2024-06-11
2025-10-21,Modern Times,1936,https://boxd.it/brqn6J,5,,,2024-06-12
2025-10-21,Elephant in the Car,2020,https://boxd.it/brqn65,3,,,2024-06-13
2025-10-21,Safety Last!,1923,https://boxd.it/brqnTL,3,,,2024-06-13
2025-10-21,Stand by Me,1986,https://boxd.it/brqn5L,3,,,2024-06-14
2025-10-21,Our Hospitality,1923,https://boxd.it/brqo2j,4,,,2024-06-14
2025-10-21,The Play House,1921,https://boxd.it/brqn4X,4,,,2024-06-15
2025-10-21,Hard Luck,1921,https://boxd.it/brqn5h,3,,,2024-06-15
2025-10-21,Unspeakable,2022,https://boxd.it/brqn4j,2,,,2024-06-16
2025-10-21,A Separation,2011,https://boxd.it/brqneN,5,,,2024-06-16
2025-10-21,The Secret Life of Walter Mitty,2013,https://boxd.it/brqn3Z,3,,,2024-06-18
2025-10-21,Through the Olive Trees,1994,https://boxd.it/brqnej,3,,,2024-06-19
2025-10-21,Fluffy Ball,2022,https://boxd.it/brqn31,2,,,2024-06-21
2025-10-21,Bullshot,1983,https://boxd.it/brqn3l,4,,,2024-06-21
2025-10-21,The Square,2017,https://boxd.it/brqn3F,4,,,2024-06-21
2025-10-21,Pay Day,1922,https://boxd.it/brqn6p,3,,,2024-06-21
2025-10-21,Seven Chances,1925,https://boxd.it/brqnnl,4,,,2024-06-22
2025-10-21,M,1931,https://boxd.it/brqnGR,4,,,2024-06-25
2026-01-09,Fury,1936,https://boxd.it/cwo4sZ,4,,,2024-06-27
2025-10-21,The Piano Tuner,2010,https://boxd.it/brqn2H,3,,,2024-06-29
2025-10-21,La Maison en Petits Cubes,2008,https://boxd.it/brqn2R,5,,,2024-06-29
2025-10-21,Murder in 405,1980,https://boxd.it/brqnd1,4,,,2024-06-29
2025-10-21,The Autobots,2015,https://boxd.it/brqnYB,1,,,2024-06-29
2025-10-21,Amour,2012,https://boxd.it/brqnvT,4,,,2024-07-01
2025-10-21,Mean Girls,2004,https://boxd.it/brqn2d,3,,,2024-07-02
2025-10-21,Luca,2021,https://boxd.it/brqn2n,3,,,2024-07-02
2025-10-21,Andrei Rublev,1966,https://boxd.it/brqndZ,4,,,2024-07-03
2025-10-21,La Strada,1954,https://boxd.it/brqnRZ,5,,,2024-07-04
2025-10-21,8½,1963,https://boxd.it/brqnmd,4,,,2024-07-06
2025-10-21,The Goddess,1934,https://boxd.it/brqndl,4,,,2024-07-07
2025-10-21,Scarface,1932,https://boxd.it/brqnwH,4,,,2024-07-09
2025-10-21,Earth,1930,https://boxd.it/brqn1T,4,,,2024-07-12
2025-10-21,Bloodrunner Zero,2018,https://boxd.it/brqnmR,1,,,2024-07-25
2025-10-21,The Shooting of 319,2019,https://boxd.it/brqmZ9,3,,,2024-08-12
2025-10-21,Incantation,2022,https://boxd.it/brqo37,4,,,2024-08-13
2025-10-21,Yi Yi,2000,https://boxd.it/brqmYP,4,,,2024-08-15
2025-10-21,The Shining,1980,https://boxd.it/brqo3h,4,,,2024-08-15
2025-10-21,Alien: Romulus,2024,https://boxd.it/brqmYb,3.5,,,2024-08-16
2025-10-21,Alien,1979,https://boxd.it/brqmYv,4,,,2024-08-16
2025-10-21,Full Metal Jacket,1987,https://boxd.it/brqocX,3,,,2024-08-17
2025-10-21,All Quiet on the Western Front,2022,https://boxd.it/brqokd,4,,,2024-08-17
2025-10-21,The Conjuring 2,2016,https://boxd.it/brqnoD,2,,,2024-08-19
2025-10-21,The Great Buddha+,2017,https://boxd.it/brqmX3,5,,,2024-08-23
2025-10-21,The Platform,2019,https://boxd.it/brqo3B,3,,,2024-08-24
2025-10-21,Beasts of No Nation,2015,https://boxd.it/brqmWz,4,,,2024-08-29
2025-10-21,A Sun,2019,https://boxd.it/brqmWT,5,,,2024-08-30
2025-10-21,Don't Breathe,2016,https://boxd.it/brqmXn,2,,,2024-08-31
2025-10-21,Spectral,2016,https://boxd.it/brqmWf,2,,,2024-09-02
2025-10-21,Hacksaw Ridge,2016,https://boxd.it/brqmVL,4,,,2024-09-07
2025-10-21,Black Mirror,2011,https://boxd.it/brqmVr,5,,,2024-09-10
2025-10-21,Your Name Engraved Herein,2020,https://boxd.it/brqmV7,4,,,2024-09-14
2025-10-21,"Good Night, Dear",1968,https://boxd.it/brqmUN,,,,2024-09-15
2025-10-21,Chinese Roulette,1976,https://boxd.it/brqmUj,3,,,2024-09-16
2025-10-21,Let the Bullets Fly,2010,https://boxd.it/brqmTv,4,,,2024-09-17
2025-10-21,Léon: The Professional,1994,https://boxd.it/brqmTP,4,,,2024-09-17
2025-10-21,"Germany, Year Zero",1948,https://boxd.it/brqmU9,5,,,2024-09-17
2025-10-21,A Place Called Silence,2024,https://boxd.it/brqmTb,2,,,2024-09-18
2025-10-21,Hachi: A Dog's Tale,2009,https://boxd.it/brqmT1,3,,,2024-09-19
2025-10-21,The Legend of 1900,1998,https://boxd.it/brqmSR,4,,,2024-09-20
2025-10-21,3 Idiots,2009,https://boxd.it/brqmSx,5,,,2024-09-22
2025-10-21,Infernal Affairs,2002,https://boxd.it/brqmSd,3,,,2024-09-25
2025-10-21,A Brighter Summer Day,1991,https://boxd.it/brqnW1,5,,,2024-09-26
2025-10-21,A Chinese Odyssey Part Two: Cinderella,1995,https://boxd.it/brqmLV,5,,,2024-09-28
2025-10-21,Parasite,2019,https://boxd.it/brqmLL,4,,,2024-09-30
2025-10-21,"Our Time, Our Story",2002,https://boxd.it/brqmLr,4,,,2024-10-01
2025-10-21,The Pursuit of Happyness,2006,https://boxd.it/brqmL7,2,,,2024-10-02
2025-10-21,Upstream,2024,https://boxd.it/brqmKX,2,,,2024-10-04
2025-10-21,Silenced,2011,https://boxd.it/brqmKt,3,,,2024-10-05
2025-10-21,Successor,2024,https://boxd.it/brqmKN,3,,,2024-10-05
2025-10-21,To Live,1994,https://boxd.it/brqmJP,4,,,2024-10-07
2025-10-21,The Sprinkler Sprinkled,1895,https://boxd.it/brqmK9,,,,2024-10-07
2025-10-21,Lumière!,2016,https://boxd.it/brqmKj,4,,,2024-10-07
2025-10-21,Blade Runner,1982,https://boxd.it/brqo3r,4,,,2024-10-09
2025-10-21,Detachment,2011,https://boxd.it/brqoep,5,,,2024-10-11
2025-10-21,Atonement,2007,https://boxd.it/brqmJv,3,,,2024-10-13
2025-10-21,"Rome, Open City",1945,https://boxd.it/brqnRP,4,,,2024-10-16
2025-10-21,Joker,2019,https://boxd.it/brqo2t,5,,,2024-10-17
2025-10-21,The Little Matchgirl,2006,https://boxd.it/brqmJl,4,,,2024-10-19
2025-10-21,Joker: Folie à Deux,2024,https://boxd.it/brqmEl,4,,,2024-10-20
2025-10-21,The Last Emperor,1987,https://boxd.it/brqmEv,5,,,2024-10-20
2025-10-21,Fête au village,1896,https://boxd.it/brqmEP,,,,2024-10-20
2025-10-21,"Courses d'ânes: II, la course",1897,https://boxd.it/brqmHJ,,,,2024-10-20
2025-10-21,The Mechanical Butcher,1895,https://boxd.it/brqmI3,,,,2024-10-20
2025-10-21,Roi et Reine d'Italie,1896,https://boxd.it/brqmIn,,,,2024-10-20
2025-10-21,Japanese Actors: Wig Exercise,1897,https://boxd.it/brqmIx,,,,2024-10-20
2025-10-21,Oil Gush Fire in Bibiheybat,1899,https://boxd.it/brqmIH,,,,2024-10-20
2025-10-21,The Card Game,1896,https://boxd.it/brqmIR,,,,2024-10-20
2025-10-21,Serpentine Dance,1902,https://boxd.it/brqmJ1,,,,2024-10-20
2025-10-21,Skyscraper Symphony,1929,https://boxd.it/brqmJb,3,,,2024-10-20
2025-10-21,The Making of 'The Last Emperor',2008,https://boxd.it/brqmCT,,,,2024-10-21
2025-10-21,Bernardo Bertolucci's Chinese Adventure,1986,https://boxd.it/brqmDd,,,,2024-10-21
2025-10-21,Postcards from China,1985,https://boxd.it/brqmDn,3,,,2024-10-21
2025-10-21,Bernardo Bertolucci: The Italian Traveler,1987,https://boxd.it/brqmDH,,,,2024-10-21
2025-10-21,The Substance,2024,https://boxd.it/brqmM5,4,,,2024-10-21
2025-10-21,Saw VI,2009,https://boxd.it/brqmCp,3,,,2024-10-22
2025-10-21,Lord of the Flies,1963,https://boxd.it/brqmCJ,3,,,2024-10-22
2025-10-21,Frozen,2013,https://boxd.it/brqmxz,,,,2024-10-23
2025-10-21,Green Book,2018,https://boxd.it/brqmxJ,,,,2024-10-23
2025-10-21,Inside Out,2015,https://boxd.it/brqmxf,,,,2024-10-24
2025-10-21,Big Hero 6,2014,https://boxd.it/brqmxp,,,,2024-10-24
2025-10-21,Partly Cloudy,2009,https://boxd.it/brqmwB,3,,,2024-10-25
2025-10-21,Father and Daughter,2000,https://boxd.it/brqmwL,4,,,2024-10-25
2025-10-21,Titane,2021,https://boxd.it/brqnp7,2,,,2024-10-25
2025-10-21,Gladiator,2000,https://boxd.it/brqnw3,4,,,2024-10-25
2025-10-21,Terrifier,2016,https://boxd.it/brqmvX,3,,,2024-10-27
2025-10-21,Venom: The Last Dance,2024,https://boxd.it/brqmw7,1,,,2024-10-27
2025-10-21,Jour de Fête,1949,https://boxd.it/brqmwr,4,,,2024-10-27
2025-10-21,Das Boot,1981,https://boxd.it/brqojp,4,,,2024-10-30
2025-10-21,The Arrival of a Train at La Ciotat,1896,https://boxd.it/brqmuP,,,,2024-10-31
2025-10-21,Coco,2017,https://boxd.it/brqmuZ,4,,,2024-10-31
2025-10-21,Fallen Art,2004,https://boxd.it/brqmv9,3,,,2024-10-31
2025-10-21,Killing Time at Home,2003,https://boxd.it/brqmvj,3,,,2024-10-31
2025-10-21,The Employment,2008,https://boxd.it/brqmvt,3,,,2024-10-31
2025-10-21,Following,1998,https://boxd.it/brqoiV,3,,,2024-10-31
2025-10-21,August Sky,2020,https://boxd.it/brqmpF,2,,,2024-11-02
2025-10-21,On the Border,2018,https://boxd.it/brqmpP,3,,,2024-11-02
2025-10-21,The Martian,2015,https://boxd.it/brqmxT,3,,,2024-11-03
2025-10-21,2001: A Space Odyssey,1968,https://boxd.it/brqmyn,5,,,2024-11-03
2025-10-21,Cesium Fallout,2024,https://boxd.it/brqmpl,3,,,2024-11-04
2025-10-21,Scent of a Woman,1992,https://boxd.it/brqofd,4,,,2024-11-04
2025-10-21,Call Me by Your Name,2017,https://boxd.it/brqof3,2,,,2024-11-05
2025-10-21,Memento,2000,https://boxd.it/brqoeJ,4,,,2024-11-07
2025-10-21,Guinea Pig Part 3: He Never Dies,1986,https://boxd.it/brqmox,2,,,2024-11-10
2025-10-21,Guinea Pig Part 2: Flower of Flesh and Blood,1985,https://boxd.it/brqmoH,3,,,2024-11-10
2025-10-21,Guinea Pig: Devil's Experiment,1985,https://boxd.it/brqmoR,1,,,2024-11-10
2025-10-21,The Godfather Part II,1974,https://boxd.it/brqmBV,4,,,2024-11-10
2025-10-21,Tales from the Gimli Hospital,1988,https://boxd.it/brqmod,3,,,2024-11-12
2025-10-21,The Heart of the World,2000,https://boxd.it/brqmon,3,,,2024-11-12
2025-10-21,The Lives of Others,2006,https://boxd.it/brqoez,4,,,2024-11-12
2025-10-21,The Climbers,2019,https://boxd.it/brqmnf,,,,2024-11-14
2025-10-21,Looking Up,2019,https://boxd.it/brqmnp,,,,2024-11-14
2025-10-21,"My People, My Country",2019,https://boxd.it/brqmnz,,,,2024-11-14
2025-10-21,The Wandering Earth,2019,https://boxd.it/brqmnJ,,,,2024-11-14
2025-10-21,Wolf Warrior 2,2017,https://boxd.it/brqmnT,,,,2024-11-14
2025-10-21,Red One,2024,https://boxd.it/brqmo3,1,,,2024-11-14
2025-10-21,The Sound of Music,1965,https://boxd.it/brqmmV,,,,2024-11-15
2025-10-21,The Equalizer 2,2018,https://boxd.it/brqmmL,3,,,2024-11-17
2025-10-21,The Curious Case of Benjamin Button,2008,https://boxd.it/brqnYV,3,,,2024-11-18
2025-10-21,Gladiator II,2024,https://boxd.it/brqmwV,3,,,2024-11-22
2025-10-21,Taiwan Province,2024,https://boxd.it/brqmmr,1,,,2024-11-23
2025-10-21,Maharaja,2024,https://boxd.it/brqmXH,4,,,2024-12-01
2025-10-21,Once Upon a Time in America,1984,https://boxd.it/brqoef,,,,2024-12-01
2025-10-21,Guinea Pig Part 4: Devil Doctor Woman,1986,https://boxd.it/brqmlX,1,,,2024-12-14
2025-10-21,The Last Dance,2024,https://boxd.it/brqmuv,1,,,2024-12-14
2025-10-21,Bogotá Story,2023,https://boxd.it/brqmhh,4,,,2024-12-19
2025-10-21,The Boys from Fengkuei,1983,https://boxd.it/brqmLB,5,,,2024-12-21
2025-10-21,Kanal,1957,https://boxd.it/brqnvp,4,,,2024-12-22
2025-10-21,Mirror Mechanics,2005,https://boxd.it/brqmgX,,,,2024-12-25
2025-10-21,Home Alone,1990,https://boxd.it/brqmgN,3,,,2024-12-26
2025-10-21,As It Was,2023,https://boxd.it/brqmgj,3,,,2025-01-11
2025-10-21,Persona,2022,https://boxd.it/brqmgt,3,,,2025-01-11
2025-10-21,Monsoon Blue,2023,https://boxd.it/brqmgD,2,,,2025-01-11
2025-10-21,The Inspired Island:  Home In Two Cities,2011,https://boxd.it/brqmg9,4,,,2025-01-12
2025-10-21,Padak,2012,https://boxd.it/brqmfZ,3,,,2025-01-16
2025-10-21,Godard Made in USA,2010,https://boxd.it/brqmfv,,,,2025-01-17
2025-10-21,"Chambre 12, Hôtel de Suède",1993,https://boxd.it/brqmfF,,,,2025-01-17
2025-10-21,Breathless,1960,https://boxd.it/brqmfP,3,,,2025-01-17
2025-10-21,Blood Simple,1984,https://boxd.it/brqmfl,4,,,2025-01-20
2025-10-21,Kaala,2018,https://boxd.it/brqmfb,3,,,2025-01-22
2025-10-21,Rebels of the Neon God,1992,https://boxd.it/brqmf1,3,,,2025-01-24
2025-10-21,Legends of the Condor Heroes: The Gallants,2025,https://boxd.it/brqmeR,2,,,2025-01-29
2025-10-21,开学第一课,,https://boxd.it/brqmeH,1,,,2025-02-02
2025-10-21,Ne Zha 2,2025,https://boxd.it/brqmen,2,,,2025-02-03
2025-10-21,Ne Zha,2019,https://boxd.it/brqmex,3,,,2025-02-03
2025-10-21,Her Story,2024,https://boxd.it/brqmed,2,,,2025-02-04
2025-10-21,A Man Called Ove,2015,https://boxd.it/brqmyx,4,,,2025-02-05
2025-10-21,Coal Iron,2010,https://boxd.it/brqmdT,2,,,2025-02-13
2025-10-21,AlphaGo,2017,https://boxd.it/brqmcr,4,,,2025-02-15
2025-10-21,In the Mood for Love,2000,https://boxd.it/brqmcB,4,,,2025-02-15
2025-10-21,The Cabin in the Woods,2011,https://boxd.it/brqmJF,4,,,2025-02-16
2025-10-21,The Condition of Dogs,2001,https://boxd.it/brqmc7,3,,,2025-02-17
2025-10-21,Terrifier 2,2022,https://boxd.it/brqmbN,2,,,2025-02-18
2025-10-21,Blind Shaft,2003,https://boxd.it/brqndb,4,,,2025-02-19
2025-10-21,In the Mood for Love 2001,2001,https://boxd.it/brqmbD,1,,,2025-02-22
2025-10-21,Particle Fever,2013,https://boxd.it/brqmbX,3,,,2025-02-22
2025-10-21,Apocalypto,2006,https://boxd.it/brqoi7,4,,,2025-02-22
2025-10-21,I Am Nezha 2,2023,https://boxd.it/brqmbt,,,,2025-03-01
2025-10-21,National Theatre Live: Prima Facie,2022,https://boxd.it/brqmpb,,,,2025-03-01
2025-10-21,Flow,2024,https://boxd.it/brqmbj,4,,,2025-03-02
2025-10-21,Phone Booth,2002,https://boxd.it/brqo87,4,,,2025-03-09
2025-10-21,Cube,1997,https://boxd.it/brqo8h,3,,,2025-03-11
2025-10-21,Children of Men,2006,https://boxd.it/brqnoj,4,,,2025-03-12
2025-10-21,The Gold Rush,1925,https://boxd.it/brqo9z,4,,,2025-03-12
2025-10-21,Gravity,2013,https://boxd.it/brqmx5,3,,,2025-03-14
2025-10-21,Downfall,2004,https://boxd.it/brqo9f,4,,,2025-03-15
2025-10-21,The Day After Tomorrow,2004,https://boxd.it/brqoax,3,,,2025-03-15
2025-10-21,Happy Death Day,2017,https://boxd.it/brqmaZ,3,,,2025-03-16
2025-10-21,In My Eyes,2023,https://boxd.it/brqmaP,3,,,2025-03-17
2025-10-21,The English Patient,1996,https://boxd.it/brqodB,4,,,2025-03-17
2025-10-21,Virgin Mountain,2015,https://boxd.it/brqo0n,3,,,2025-03-18
2025-10-21,Shutter Island,2010,https://boxd.it/brqmAX,4,,,2025-03-19
2025-10-21,A.I. Artificial Intelligence,2001,https://boxd.it/brqmyd,5,,,2025-03-20
2025-10-21,The Brutalist,2024,https://boxd.it/brqmKD,3,,,2025-03-22
2025-10-21,Landscape in the Mist,1988,https://boxd.it/brqoeT,5,,,2025-03-24
2025-10-21,Anora,2024,https://boxd.it/brqmaF,4,,,2025-03-27
2025-10-21,An Elephant Sitting Still,2018,https://boxd.it/brqnSt,5,,,2025-03-30
2025-10-21,To Cordoba,2012,https://boxd.it/brqma1,3,,,2025-04-05
2025-10-21,A Gentle Night,2017,https://boxd.it/brqmal,3,,,2025-04-05
2025-10-21,The Amateur,2025,https://boxd.it/brqm9H,3,,,2025-04-12
2025-10-21,Satantango,1994,https://boxd.it/brqo2D,5,,,2025-04-12
2025-10-21,Hereditary,2018,https://boxd.it/brqnn1,4,,,2025-04-13
2025-10-21,Passage of Venus,1874,https://boxd.it/brqm8z,,,,2025-04-18
2025-10-21,Bicycle Thieves,1948,https://boxd.it/brqoan,5,,,2025-04-19
2025-10-21,Corpse Bride,2005,https://boxd.it/brqm6X,4,,,2025-04-29
2025-10-21,"Salò, or the 120 Days of Sodom",1975,https://boxd.it/brqnFf,3,,,2025-04-29
2025-10-21,Thunderbolts*,2025,https://boxd.it/brqm4d,3,,,2025-04-30
2025-10-21,Mission: Impossible – Dead Reckoning,2023,https://boxd.it/brqm43,1,,,2025-05-02
2025-10-21,"Divers at Work on the Wreck of the ""Maine""",1898,https://boxd.it/brqm3J,,,,2025-05-03
2025-10-21,Scenes From My Balcony,1901,https://boxd.it/brqm3T,,,,2025-05-03
2025-10-21,Antichrist,2009,https://boxd.it/brqm3p,4,,,2025-05-07
2025-10-21,Skhizein,2008,https://boxd.it/brqm2V,3,,,2025-05-10
2025-10-21,Artemide’s Knee,2008,https://boxd.it/brqm35,,,,2025-05-10
2025-10-21,Altiplano,2018,https://boxd.it/brqm3f,4,,,2025-05-10
2025-10-21,"4 Months, 3 Weeks and 2 Days",2007,https://boxd.it/brqmvD,3,,,2025-05-11
2025-10-21,Rage,2016,https://boxd.it/brqm2r,2,,,2025-05-12
2025-10-21,Red Room,1999,https://boxd.it/brqm2B,1,,,2025-05-12
2025-10-21,Rise of the Planet of the Apes,2011,https://boxd.it/brqm2L,,,,2025-05-12
2025-10-21,R.M.N.,2022,https://boxd.it/brqm8T,4,,,2025-05-12
2025-10-21,The Ceiling,2017,https://boxd.it/brqm1N,2,,,2025-05-24
2025-10-21,Next Floor,2008,https://boxd.it/brqm1X,4,,,2025-05-24
2025-10-21,Adolescence,2025,https://boxd.it/brqmav,3,,,2025-05-25
2025-10-21,Insidious,2010,https://boxd.it/brqnlz,3,,,2025-06-01
2025-10-21,Chemical Wedding,2008,https://boxd.it/brqm1j,2,,,2025-06-08
2025-10-21,Gestalt,1999,https://boxd.it/brqm1t,,,,2025-06-08
2025-10-21,Fake Dad,2025,https://boxd.it/brqm0Z,1,,,2025-06-09
2025-10-21,Der Fall Bachmeier - Keine Zeit für Tränen,1984,https://boxd.it/brqlWt,,,,2025-06-12
2025-10-21,Angst,1983,https://boxd.it/brqnf7,4,,,2025-06-19
2025-10-21,Confessions,2010,https://boxd.it/brqmVh,4,,,2025-06-20
2025-10-21,Lights,1966,https://boxd.it/brqlWj,2,,,2025-06-23
2025-10-21,The Ugly Stepsister,2025,https://boxd.it/brqm3z,3,,,2025-06-23
2025-10-21,The Settlers,2023,https://boxd.it/brqlW9,4,,,2025-06-24
2025-10-21,Universal Language,2024,https://boxd.it/brqm9n,5,,,2025-06-25
2025-10-21,It,2017,https://boxd.it/brqnRl,1,,,2025-06-26
2025-10-21,The Twentieth Century,2019,https://boxd.it/brqlVZ,4,,,2025-06-27
2025-10-21,F1,2025,https://boxd.it/brqlVv,3,,,2025-06-29
2025-10-21,Wanderlust,2012,https://boxd.it/brqlVl,,,,2025-06-30
2025-10-21,The Fall,2006,https://boxd.it/brqo8r,5,,,2025-06-30
2025-10-21,Howl's Moving Castle,2004,https://boxd.it/brqlV1,2,,,2025-07-01
2025-10-21,Hope,2013,https://boxd.it/brqlUR,2,,,2025-07-02
2025-10-21,Devils on the Doorstep,2000,https://boxd.it/brqmCf,4,,,2025-07-03
2025-10-21,Nobody Knows,2004,https://boxd.it/brqnUp,4,,,2025-07-04
2025-10-21,Incendies,2010,https://boxd.it/brqnIt,4,,,2025-07-15
2025-10-21,Mickey 17,2025,https://boxd.it/brqmh7,2,,,2025-07-21
2025-10-21,Werckmeister Harmonies,2000,https://boxd.it/brqo2X,5,,,2025-07-21
2025-10-21,Tall Girl,2025,https://boxd.it/brqlUx,1,,,2025-07-23
2025-10-21,Ritual in Transfigured Time,1946,https://boxd.it/brqlUn,,,,2025-07-26
2025-10-21,Coherence,2013,https://boxd.it/brqmy3,3,,,2025-07-27
2025-10-21,Never a Thief,2025,https://boxd.it/brqlUd,1,,,2025-07-29
2025-10-21,A Dream Within a Dream,2025,https://boxd.it/brqlU3,1,,,2025-08-02
2025-10-21,How to Save a Dead Friend,2022,https://boxd.it/brqlTT,4,,,2025-08-20
2025-10-21,Inkheart,2008,https://boxd.it/brqlSL,3,,,2025-08-23
2025-10-21,Exit 8,2025,https://boxd.it/brqlSh,2,,,2025-08-27
2025-10-21,Sleeping Dogs,2024,https://boxd.it/brqlSr,3,,,2025-08-27
2025-10-21,Heidi,2015,https://boxd.it/brqlSB,3,,,2025-08-27
2025-10-21,Catch Me If You Can,2002,https://boxd.it/brqlS7,4,,,2025-08-28
2025-10-21,Spirited Away,2001,https://boxd.it/brqlRN,4,,,2025-08-29
2025-10-21,Hidden Figures,2016,https://boxd.it/brqlRX,3,,,2025-08-29
2025-10-21,Blood Diamond,2006,https://boxd.it/brqod7,3,,,2025-08-30
2025-10-21,WALL·E,2008,https://boxd.it/brqlRD,4,,,2025-08-31
2025-10-21,Castle in the Sky,1986,https://boxd.it/brqlR9,5,,,2025-09-01
2025-10-21,Capernaum,2018,https://boxd.it/brqlRj,3,,,2025-09-01
2025-10-21,My Neighbor Totoro,1988,https://boxd.it/brqlRt,2,,,2025-09-01
2025-10-21,A Chinese Odyssey Part One: Pandora's Box,1995,https://boxd.it/brqlQZ,4,,,2025-09-02
2025-10-21,The Monkey King: Uproar in Heaven,1961,https://boxd.it/brqlQF,4,,,2025-09-03
2025-10-21,The Lord of the Rings: The Fellowship of the Ring,2001,https://boxd.it/brqmpv,3,,,2025-09-04
2025-10-21,Fox Hunt,2025,https://boxd.it/brqlQ1,1,,,2025-09-05
2025-10-21,Roman Holiday,1953,https://boxd.it/brqlQl,5,,,2025-09-05
2025-10-21,Death File 1,1989,https://boxd.it/brqlOT,,,,2025-09-08
2025-10-21,Life In The Hole,2017,https://boxd.it/brqlPd,1,,,2025-09-08
2025-10-21,The Lord of the Rings: The Two Towers,2002,https://boxd.it/brqlPH,3,,,2025-09-08
2025-10-21,Love Letter,1995,https://boxd.it/brqlOz,3,,,2025-09-09
2025-10-21,Up,2009,https://boxd.it/brqlO5,4,,,2025-09-10
2025-10-21,Boonie Bears: Homeward Journey,2013,https://boxd.it/brqlNB,4,,,2025-09-11
2025-10-21,The Killer,1989,https://boxd.it/brqlNh,,,,2025-09-13
2025-10-21,The Matrix,1999,https://boxd.it/brqmW5,4,,,2025-09-15
2025-10-21,Weapons,2025,https://boxd.it/brqlSV,3,,,2025-09-16
2025-10-21,The Lord of the Rings: The Return of the King,2003,https://boxd.it/brqlLl,4,,,2025-09-18
2025-10-21,The Lion King,1994,https://boxd.it/brqlGZ,4,,,2025-09-20
2025-10-21,Cinema Paradiso,1988,https://boxd.it/brqodV,3,,,2025-09-21
2025-10-21,Ready Player One,2018,https://boxd.it/brqlGF,4,,,2025-09-22
2025-10-21,Anima,2019,https://boxd.it/brqlUH,5,,,2025-09-22
2025-10-21,Malena,2000,https://boxd.it/brqlGl,3,,,2025-09-23
2025-10-21,The Butterfly Effect,2004,https://boxd.it/brqmB7,4,,,2025-09-25
2025-10-21,Eat Drink Man Woman,1994,https://boxd.it/brqmBL,4,,,2025-09-26
2025-10-21,The Attorney,2013,https://boxd.it/brqlG1,3,,,2025-09-27
2025-10-21,Avatar,2009,https://boxd.it/brqlFx,3,,,2025-09-28
2025-10-21,Saving Private Ryan,1998,https://boxd.it/brqmBr,4,,,2025-09-29
2025-10-21,The Invisible Guest,2016,https://boxd.it/brqodr,4,,,2025-09-29
2025-10-21,Green Snake,1993,https://boxd.it/brqlET,,,,2025-09-30
2025-10-21,Children of Heaven,1997,https://boxd.it/brqlFd,4,,,2025-09-30
2025-10-21,There's Still Tomorrow,2023,https://boxd.it/brqmb9,1,,,2025-10-01
2025-10-21,One Flew Over the Cuckoo's Nest,1975,https://boxd.it/brqnWF,4,,,2025-10-01
2025-10-21,The Island,2018,https://boxd.it/brqlBZ,,,,2025-10-02
2025-10-21,Never Say Die,2017,https://boxd.it/brqlCj,,,,2025-10-02
2025-10-21,Crazy Alien,2019,https://boxd.it/brqlCN,,,,2025-10-02
2025-10-21,Hello Mr. Billionaire,2018,https://boxd.it/brqlD7,,,,2025-10-02
2025-10-21,"Hi, Mom",2021,https://boxd.it/brqlDr,,,,2025-10-02
2025-10-21,The Cove,2009,https://boxd.it/brqlDL,3,,,2025-10-02
2025-10-21,Memories of Murder,2003,https://boxd.it/brqnM1,4,,,2025-10-03
2025-10-21,Identity,2003,https://boxd.it/brqnWP,2,,,2025-10-04
2025-10-21,Ashes of Time,1994,https://boxd.it/brqlBP,,,,2025-10-05
2025-10-21,Chungking Express,1994,https://boxd.it/brqmzF,2,,,2025-10-05
2025-10-21,Happy Together,1997,https://boxd.it/brqmAD,,,,2025-10-05
2025-10-21,"Comrades, Almost a Love Story",1996,https://boxd.it/brqlBl,,,,2025-10-06
2025-10-21,Pirates of the Caribbean: The Curse of the Black Pearl,2003,https://boxd.it/brqlBv,4,,,2025-10-06
2025-10-21,Tokyo Godfathers,2003,https://boxd.it/brqlAx,3,,,2025-10-07
2025-10-21,Millennium Actress,2001,https://boxd.it/brqlAH,4,,,2025-10-07
2025-10-21,Perfect Blue,1997,https://boxd.it/brqlB1,3,,,2025-10-07
2025-10-21,Paprika,2006,https://boxd.it/brqlBb,2,,,2025-10-07
2025-10-21,The Knockout,2023,https://boxd.it/brqlAd,,,,2025-10-08
2025-10-21,Flirting Scholar,1993,https://boxd.it/brqlAn,3,,,2025-10-08
2025-10-21,Nausicaä of the Valley of the Wind,1984,https://boxd.it/brqlyV,,,,2025-10-09
2025-10-21,Princess Mononoke,1997,https://boxd.it/brqlz5,,,,2025-10-09
2025-10-21,The Dark Knight Rises,2012,https://boxd.it/brqmAt,1,,,2025-10-10
2025-10-21,Secrets of the Heavenly Book,1983,https://boxd.it/brqlyL,,,,2025-10-11
2025-10-21,The Sixth Sense,1999,https://boxd.it/brqmzP,3,,,2025-10-12
2025-10-21,Before Sunrise,1995,https://boxd.it/brqlyr,3,,,2025-10-14
2026-01-21,Before Sunset,2004,https://boxd.it/cJM3YP,4,,,2025-10-15
2025-10-21,731,2025,https://boxd.it/brqlxX,1,,,2025-10-16
2025-10-21,Before Midnight,2013,https://boxd.it/brqly7,4,,,2025-10-16
2025-10-21,Memories of Matsuko,2006,https://boxd.it/brqmA9,4,,,2025-10-17
2025-10-21,A Chinese Ghost Story,1987,https://boxd.it/brqlx9,,,,2025-10-18
2025-10-21,The Secret World of Arrietty,2010,https://boxd.it/brqlxj,,,,2025-10-18
2025-10-21,Quay,2015,https://boxd.it/brqlxt,,,,2025-10-18
2025-10-21,Departures,2008,https://boxd.it/brqlxD,1,,,2025-10-18
2025-10-21,Teahouse,1979,https://boxd.it/brqlxN,,,,2025-10-18
2025-10-21,Infernal Affairs II,2003,https://boxd.it/brqlvn,,,,2025-10-19
2025-10-21,The Eagle Shooting Heroes,1993,https://boxd.it/brqlvx,,,,2025-10-19
2025-10-21,Hotarubi no Mori e,2011,https://boxd.it/brqlvR,,,,2025-10-19
2025-10-21,Whisper of the Heart,1995,https://boxd.it/brqlw1,,,,2025-10-19
2025-10-21,Little Forest: Winter/Spring,2015,https://boxd.it/brqlwb,,,,2025-10-19
2025-10-21,Little Forest: Summer/Autumn,2014,https://boxd.it/brqlwl,,,,2025-10-19
2025-10-21,Violent Obsession,2023,https://boxd.it/brqlwv,2,,,2025-10-19
2025-10-21,Kikujiro,1999,https://boxd.it/brqlwF,3,,,2025-10-19
2025-10-21,Tarantella,1989,https://boxd.it/brqlwP,,,,2025-10-19
2025-10-21,The Bourne Supremacy,2004,https://boxd.it/brqlwZ,4,,,2025-10-19
2025-10-22,Heart and Yummie,2010,https://boxd.it/bs2CKl,,,,2025-10-19
2025-10-21,Edward Scissorhands,1990,https://boxd.it/brqluf,,,,2025-10-20
2025-10-21,Brokeback Mountain,2005,https://boxd.it/brqmzv,4,,,2025-10-20
2025-10-21,Braveheart,1995,https://boxd.it/brrzNR,,,,2025-10-21
2025-10-22,About Time,2013,https://boxd.it/bruj4d,4,,,2025-10-21
2025-10-23,Gone Girl,2014,https://boxd.it/bs620T,3.5,,,2025-10-22
2025-10-23,New Dragon Gate Inn,1992,https://boxd.it/bs6ifv,,,,2025-10-22
2025-10-23,How to Train Your Dragon,2010,https://boxd.it/bsDRuB,3,,,2025-10-23
2025-10-23,Your Name.,2016,https://boxd.it/bsE3kt,,,,2025-10-23
2025-10-24,Pride & Prejudice,2005,https://boxd.it/btcNyf,,,,2025-10-24
2025-10-25,Amélie,2001,https://boxd.it/btUfpL,3,,,2025-10-25
2025-10-25,New World,2013,https://boxd.it/btUG9v,,,,2025-10-25
2025-10-26,"Monsters, Inc.",2001,https://boxd.it/btYqpv,,,,2025-10-25
2025-10-26,"Lust, Caution",2007,https://boxd.it/buHPl9,,,,2025-10-26
2025-10-27,The Godfather Part III,1990,https://boxd.it/buNe27,3.5,,,2025-10-26
2025-10-27,The Boss's Woman,2013,https://boxd.it/buNzpL,0.5,,,2025-10-26
2025-10-27,See Through,2008,https://boxd.it/buNV1h,3,,,2025-10-26
2025-10-27,Nezha Conquers the Dragon King,1979,https://boxd.it/bvxxeN,4.5,,,2025-10-27
2025-10-27,The Terminal,2004,https://boxd.it/bvBEGx,2.5,,,2025-10-27
2025-10-28,Hail the Judge,1994,https://boxd.it/bwiUat,4,,,2025-10-28
2025-10-29,Everything Goes,2004,https://boxd.it/bwl5Gf,,,,2025-10-28
2025-10-29,The Wedding Banquet,1993,https://boxd.it/bwl7Rz,,,,2025-10-28
2025-10-30,Django Unchained,2012,https://boxd.it/bwZsND,4.5,,,2025-10-29
2025-10-30,Sunny,2011,https://boxd.it/bwZFYJ,,,,2025-10-29
2025-10-30,Train to Busan,2016,https://boxd.it/bxyMYh,1,,,2025-10-30
2025-10-30,Despicable Me,2010,https://boxd.it/bxzsCH,2.5,,,2025-10-30
2025-10-31,Mary and Max,2009,https://boxd.it/byaoaj,,,,2025-10-31
2025-10-31,Big Fish,2003,https://boxd.it/byby0F,,,,2025-10-31
2025-11-01,Le Rouge et le Noir,2016,https://boxd.it/byldpz,4.5,,,2025-10-31
2025-11-01,The Terror Live,2013,https://boxd.it/byV8T7,4,,,2025-11-01
2025-11-03,"Back to Back, Face to Face",1994,https://boxd.it/bzR9IP,,,,2025-11-02
2025-11-03,The Matrix Revolutions,2003,https://boxd.it/bADe7F,3,,,2025-11-03
2025-11-03,The Matrix Reloaded,2003,https://boxd.it/bADffv,2.5,,,2025-11-03
2025-11-03,The Croods,2013,https://boxd.it/bAExW5,,,,2025-11-03
2025-11-04,"Three Billboards Outside Ebbing, Missouri",2017,https://boxd.it/bBhVsh,4,,,2025-11-04
2025-11-04,Our Little Sister,2015,https://boxd.it/bBibWH,,,,2025-11-04
2025-11-06,The Bourne Ultimatum,2007,https://boxd.it/bBTvXz,3.5,,,2025-11-05
2025-11-06,Wreaths at the Foot of the Mountain,1984,https://boxd.it/bBTWZn,,,,2025-11-05
2025-11-06,Grave of the Fireflies,1988,https://boxd.it/bChToh,,,,2025-11-06
2025-11-07,The Bourne Legacy,2012,https://boxd.it/bCI9rj,,,,2025-11-07
2025-11-07,The Nine-Colored Deer,1981,https://boxd.it/bCIakt,3,,,2025-11-07
2025-11-07,Tower Heist,2011,https://boxd.it/bCVKNH,3,,,2025-11-07
2025-11-08,Drop,2025,https://boxd.it/bDuB99,,,,2025-11-08
2025-11-09,Dallas Buyers Club,2013,https://boxd.it/bEtA53,2.5,,,2025-11-09
2025-11-09,A Better Tomorrow,1986,https://boxd.it/bEuJyZ,,,,2025-11-09
2025-11-10,Thelma & Louise,1991,https://boxd.it/bFmxvH,3,,,2025-11-10
2025-11-10,Once a Thief,1991,https://boxd.it/bFmXnz,,,,2025-11-10
2025-11-11,The Green Mile,1999,https://boxd.it/bG23BT,4.5,,,2025-11-11
2025-11-11,Wreck-It Ralph,2012,https://boxd.it/bG2o3X,,,,2025-11-11
2025-11-12,Paranoid Park,2007,https://boxd.it/bGcZTB,5,,,2025-11-11
2025-11-12,Crazy Stone,2006,https://boxd.it/bGL7e5,4,,,2025-11-12
2025-11-12,Shoplifters,2018,https://boxd.it/bGLwkH,,,,2025-11-12
2025-11-13,Singin' in the Rain,1952,https://boxd.it/bHlNn1,5,,,2025-11-13
2025-11-13,Ice Age,2002,https://boxd.it/bHmnER,1,,,2025-11-13
2025-11-13,pb,2003,https://boxd.it/bHn2QT,1.5,,,2025-11-13
2025-11-14,Deep in the Heart,2014,https://boxd.it/bHUHI3,3,,,2025-11-14
2025-11-14,Kiki's Delivery Service,1989,https://boxd.it/bHV5GZ,,,,2025-11-14
2025-11-15,Now You See Me,2013,https://boxd.it/bIo3Jb,2,,,2025-11-15
2025-11-15,Now You See Me 2,2016,https://boxd.it/bIpRlb,,,,2025-11-15
2025-11-15,Michael Jackson's Thriller,1983,https://boxd.it/bIqrYj,,,,2025-11-15
2025-11-15,Now You See Me: Now You Don't,2025,https://boxd.it/bIy5Rh,1.5,,,2025-11-15
2025-11-16,Robot Dreams,2023,https://boxd.it/bJoLyF,,,,2025-11-16
2025-11-16,Hotel Rwanda,2004,https://boxd.it/bJpgfz,,,,2025-11-16
2025-11-19,Triangle,2009,https://boxd.it/bLxgAB,3.5,,,2025-11-19
2025-11-22,Wild Tales,2014,https://boxd.it/bNs88R,4,,,2025-11-22
2025-11-24,City Lights,1931,https://boxd.it/bOm8av,4.5,,,2025-11-23
2025-11-28,"20,000 Leagues Under the Sea",1954,https://boxd.it/bR996l,,,,2025-11-27
2025-11-28,Regarding Henry,1991,https://boxd.it/bRF4E7,,,,2025-11-28
2025-12-14,La La Land,2016,https://boxd.it/c2GVoR,3.5,,,2025-12-14
2025-12-17,Inglourious Basterds,2009,https://boxd.it/c4Bh0t,5,,,2025-12-16
2025-12-20,Zootopia 2,2025,https://boxd.it/c8c3sz,2,,,2025-12-20
2025-12-22,Gattaca,1997,https://boxd.it/c9qJnD,4,,,2025-12-21
2025-12-23,Don't Look Now... We're Being Shot At!,1966,https://boxd.it/caDlVh,3,,,2025-12-22
2025-12-25,The Patriot,2000,https://boxd.it/ccUF8B,2.5,,,2025-12-24
2025-12-28,Rashomon,1950,https://boxd.it/cgj5D1,4.5,,,2025-12-27
2025-12-28,Seven Samurai,1954,https://boxd.it/choNCb,5,,,2025-12-28
2025-12-28,Hibiscus Town,1987,https://boxd.it/chphtt,,,,2025-12-28
2025-12-28,Echoes of the Rainbow,2010,https://boxd.it/chqAJx,,,,2025-12-28
2025-12-28,Hachiko,1987,https://boxd.it/chqOIX,,,,2025-12-28
2025-12-28,Mad Max: Fury Road,2015,https://boxd.it/chrnfr,,,,2025-12-28
2025-12-29,We Made a Beautiful Bouquet,2021,https://boxd.it/chrDR7,,,,2025-12-28
2025-12-29,Slumdog Millionaire,2008,https://boxd.it/chs3OD,,,,2025-12-28
2025-12-29,Mountain Patrol,2004,https://boxd.it/chsm9z,,,,2025-12-28
2025-12-29,Terminator 2: Judgment Day,1991,https://boxd.it/chsLPv,,,,2025-12-28
2025-12-29,Raise the Red Lantern,1991,https://boxd.it/chtpjT,,,,2025-12-28
2025-12-29,A Little Thing Called Love,2010,https://boxd.it/chtK5N,,,,2025-12-28
2025-12-29,Ponyo,2008,https://boxd.it/chzfi9,,,,2025-12-28
2025-12-29,Love Actually,2003,https://boxd.it/chzMIz,,,,2025-12-28
2025-12-29,The Notebook,2004,https://boxd.it/chAGqL,,,,2025-12-28
2025-12-29,Still Walking,2008,https://boxd.it/chBc3J,,,,2025-12-28
2025-12-29,The Handmaiden,2016,https://boxd.it/ciFtBF,3,,,2025-12-29
2025-12-29,Lord of War,2005,https://boxd.it/ciGsQB,,,,2025-12-29
2025-12-29,Spider-Man: Into the Spider-Verse,2018,https://boxd.it/ciGEAv,,,,2025-12-29
2025-12-29,Ghost in the Shell,1995,https://boxd.it/ciGUWx,,,,2025-12-29
2025-12-30,Scum,1979,https://boxd.it/cjWvZ3,5,,,2025-12-30
2026-01-02,Elevator to the Gallows,1958,https://boxd.it/cnx7zr,4,,,2026-01-02
2026-01-04,Oppenheimer,2023,https://boxd.it/cpzPtf,4,,,2026-01-03
2026-01-04,Larceny,1996,https://boxd.it/cpAqLv,2,,,2026-01-03
2026-01-04,Patch Adams,1998,https://boxd.it/cqVld5,2,,,2026-01-04
2026-01-05,Batman Begins,2005,https://boxd.it/craRux,3,,,2026-01-04
2026-01-06,The Room Next Door,2024,https://boxd.it/csMD33,3.5,,,2026-01-05
2026-01-07,All We Imagine as Light,2024,https://boxd.it/cu4pY5,2.5,,,2026-01-06
2026-01-08,Burning,2018,https://boxd.it/cvebrv,4,,,2026-01-07
2026-01-08,Barbarian,2022,https://boxd.it/cwhdwd,3.5,,,2026-01-08
2026-01-09,Come and See,1985,https://boxd.it/cxiUub,5,,,2026-01-09
2026-01-10,The Rough House,1917,https://boxd.it/cxrtCZ,2.5,,,2026-01-09
2026-01-10,The Lodger: A Story of the London Fog,1927,https://boxd.it/cyv0U3,3,,,2026-01-10
2026-01-11,Always Tell Your Wife,1923,https://boxd.it/czrpav,3,,,2026-01-11
2026-01-11,The Mountain Eagle,1926,https://boxd.it/czrv2x,,,,2026-01-11
2026-01-11,The Pleasure Garden,1925,https://boxd.it/czQPDj,,,,2026-01-11
2026-01-12,Poirot,2003,https://boxd.it/cB8aQr,3.5,,,2026-01-12
2026-01-13,Les Mains négatives,1978,https://boxd.it/cBg4Hp,3.5,,,2026-01-12
2026-01-13,The Dead,1987,https://boxd.it/cCc0AZ,3,,,2026-01-13
2026-01-13,The Ring,1927,https://boxd.it/cCcVln,2,,,2026-01-13
2026-01-14,Holy Motors,2012,https://boxd.it/cDdyy5,4,,,2026-01-14
2026-01-15,Our Memory,2022,https://boxd.it/cE3GTz,2,,,2026-01-15
2026-01-15,Watercolor,1958,https://boxd.it/cE4jIF,3.5,,,2026-01-15
2026-01-15,2000 Meters to Andriivka,2025,https://boxd.it/cE9Ekz,4,,,2026-01-15
2026-01-15,Strangulation Blues,1980,https://boxd.it/cEenHL,2,,,2026-01-15
2026-01-16,Boy Meets Girl,1984,https://boxd.it/cF5zsp,4,,,2026-01-16
2026-01-16,Saw 3D,2010,https://boxd.it/cF7nOx,2,,,2026-01-16
2026-01-17,It's Not Me,2024,https://boxd.it/cG6hfD,4.5,,,2026-01-17
2026-01-17,Jigsaw,2017,https://boxd.it/cGairX,1.5,,,2026-01-17
2026-01-17,Saw,2003,https://boxd.it/cGaFiz,,,,2026-01-17
2026-01-18,Mauvais Sang,1986,https://boxd.it/cHk9dV,4,,,2026-01-18
2026-01-19,Beijing 2008 Olympic Opening Ceremony,2008,https://boxd.it/cIjTl9,3,,,2026-01-19
2026-01-19,The Lovers on the Bridge,1991,https://boxd.it/cIDCGp,3.5,,,2026-01-19
2026-01-19,Sans Titre,1997,https://boxd.it/cIEt9X,,,,2026-01-19
2026-01-20,The Elephant Man,1980,https://boxd.it/cJJWbH,3.5,,,2026-01-20
2026-01-22,The Seed of the Sacred Fig,2024,https://boxd.it/cKJvtX,3.5,,,2026-01-21
2026-01-22,Land,2021,https://boxd.it/cLsiK7,1.5,,,2026-01-22
2026-01-23,My Last Minute,2006,https://boxd.it/cLAriR,2.5,,,2026-01-22
2026-01-24,Pola X,1999,https://boxd.it/cMsCdB,3.5,,,2026-01-23
2026-01-24,Time Still Turns the Pages,2023,https://boxd.it/cNfpOx,2.5,,,2026-01-24
2026-01-25,Pink Floyd: The Wall,1982,https://boxd.it/cNutAf,3,,,2026-01-24
2026-01-25,Girls Will Be Girls,2024,https://boxd.it/cOBuFD,2.5,,,2026-01-25
2026-01-26,Tokyo!,2008,https://boxd.it/cPWith,3,,,2026-01-26
2026-01-27,Amadeus,1984,https://boxd.it/cR50tF,4,,,2026-01-27
2026-01-28,The Emoji Movie,2017,https://boxd.it/cS77s3,1,,,2026-01-28
2026-01-28,A Bug's Life,1998,https://boxd.it/cS7ZrN,2.5,,,2026-01-28
2026-01-29,Dances with Wolves,1990,https://boxd.it/cSaXHv,4,,,2026-01-28
2026-01-30,Early Spring,1956,https://boxd.it/cT6bSV,2,,,2026-01-29
2026-01-30,Little Girl Blue,2023,https://boxd.it/cTUFJJ,2.5,,,2026-01-30
2026-01-31,The Passengers of the Night,2022,https://boxd.it/cUSjan,3.5,,,2026-01-31
2026-02-01,Greedy People,2024,https://boxd.it/cVVx5h,2.5,,,2026-02-01
2026-02-01,Hymn to Merde,2009,https://boxd.it/cW2hFR,2.5,,,2026-02-01
2026-02-01,Gradiva,2014,https://boxd.it/cW2q41,2,,,2026-02-01
2026-02-03,Marshland,2014,https://boxd.it/cXjd1r,2.5,,,2026-02-02
2026-02-03,No Other Land,2024,https://boxd.it/cXTp7j,3.5,,,2026-02-03
2026-02-04,100 Flowers Hidden Deep,2002,https://boxd.it/cYbtZZ,4,,,2026-02-03
2026-02-04,Skyscraper Live,2026,https://boxd.it/cYbVyx,3,,,2026-02-03
2026-02-04,Windowlicker,2020,https://boxd.it/cYd1T9,4,,,2026-02-03
2026-02-04,The Secret Garden,1993,https://boxd.it/cYZvIB,4,,,2026-02-04
2026-02-05,A Traveler's Needs,2024,https://boxd.it/cZQjNv,2,,,2026-02-05
2026-02-05,Bean Cake,2001,https://boxd.it/cZSoGX,3,,,2026-02-05
2026-02-06,Conclave,2024,https://boxd.it/d0HRnn,2,,,2026-02-06
2026-02-08,The Outrun,2024,https://boxd.it/d1FuVL,2.5,,,2026-02-07
2026-02-09,Taxi Driver,1976,https://boxd.it/d2M3Zf,4,,,2026-02-08
2026-02-09,Annette,2021,https://boxd.it/d3HERr,4.5,,,2026-02-09
2026-02-10,The Trip to Squash Land,1967,https://boxd.it/d4sBQ5,2.5,,,2026-02-10
2026-02-10,Why Try to Escape from That Which You Know You Can't Escape From? Because You Are a Coward,1970,https://boxd.it/d4sZJR,3.5,,,2026-02-10
2026-02-10,A Flower,1971,https://boxd.it/d4t9Mr,2,,,2026-02-10
2026-02-11,The Element of Crime,1984,https://boxd.it/d5f4id,4.5,,profile,2026-02-11
2026-02-12,Radio Days,1987,https://boxd.it/d61cSJ,4,,profile,2026-02-12
2026-02-14,Look Back,2024,https://boxd.it/d6Pcfd,2.5,,,2026-02-13
2026-02-15,The Blair Witch Project,1999,https://boxd.it/d7Hoe5,2.5,,,2026-02-14
2026-02-15,Wind,1996,https://boxd.it/d7I2Kb,4,Yes,,2026-02-14
2026-02-16,Epidemic,1987,https://boxd.it/d8NIWH,2.5,,,2026-02-15
2026-02-16,Last Train Home,2009,https://boxd.it/d9UMDR,2.5,,,2026-02-16
2026-02-18,The Name of the Rose,1986,https://boxd.it/db2zL9,3,,,2026-02-17
2026-02-25,Beau Is Afraid,2023,https://boxd.it/dhNNqH,2,,,2026-02-24
2026-02-25,Europa,1991,https://boxd.it/dixVmb,4.5,,,2026-02-25
2026-02-27,Medea,1988,https://boxd.it/djkb6p,3.5,,,2026-02-26
