Date,Name,Year,Letterboxd URI,Rating
2025-10-21,Kikujiro,1999,https://boxd.it/24xc,3
2025-10-21,Departures,2008,https://boxd.it/1JFa,1
2025-10-21,Before Midnight,2013,https://boxd.it/4ive,4
2025-10-21,Before Sunrise,1995,https://boxd.it/2bcU,3
2025-10-21,Flirting Scholar,1993,https://boxd.it/17Ig,3
2025-10-21,Tokyo Godfathers,2003,https://boxd.it/1Qg2,3
2025-10-21,Perfect Blue,1997,https://boxd.it/1W7A,3
2025-10-21,Paprika,2006,https://boxd.it/23wW,2
2025-10-21,The Cove,2009,https://boxd.it/1zCq,3
2025-10-21,Avatar,2009,https://boxd.it/1Efm,3
2025-10-21,The Attorney,2013,https://boxd.it/77Pe,3
2025-10-21,Malena,2000,https://boxd.it/1Vc0,3
2025-10-21,Up,2009,https://boxd.it/1OEc,4
2025-10-21,Love Letter,1995,https://boxd.it/LMA,3
2025-10-21,The Lord of the Rings: The Two Towers,2002,https://boxd.it/2b5E,3
2025-10-21,Capernaum,2018,https://boxd.it/iM3s,3
2025-10-21,My Neighbor Totoro,1988,https://boxd.it/20eA,2
2025-10-21,WALL·E,2008,https://boxd.it/1VEo,4
2025-10-21,Hidden Figures,2016,https://boxd.it/dgS4,3
2025-10-21,Exit 8,2025,https://boxd.it/S9Kk,2
2025-10-21,Heidi,2015,https://boxd.it/cCQs,3
2025-10-21,Weapons,2025,https://boxd.it/EMTM,3
2025-10-21,Hope,2013,https://boxd.it/7x5Q,2
2025-10-21,Howl's Moving Castle,2004,https://boxd.it/23De,2
2025-10-21,The Settlers,2023,https://boxd.it/Boyu,4
2025-10-21,Lights,1966,https://boxd.it/4NFY,2
2025-10-21,Chemical Wedding,2008,https://boxd.it/1NkK,2
2025-10-21,The Ceiling,2017,https://boxd.it/gk6O,2
2025-10-21,Rage,2016,https://boxd.it/cdsU,2
2025-10-21,Red Room,1999,https://boxd.it/jGa,1
2025-10-21,Skhizein,2008,https://boxd.it/x4k,3
2025-10-21,Altiplano,2018,https://boxd.it/iU94,4
2025-10-21,Antichrist,2009,https://boxd.it/1Inu,4
2025-10-21,The Ugly Stepsister,2025,https://boxd.it/MZBM,3
2025-10-21,Mission: Impossible – Dead Reckoning,2023,https://boxd.it/l7zS,1
2025-10-21,R.M.N.,2022,https://boxd.it/yDoe,4
2025-10-21,To Cordoba,2012,https://boxd.it/ER7S,3
2025-10-21,A Gentle Night,2017,https://boxd.it/gkkG,3
2025-10-21,Happy Death Day,2017,https://boxd.it/fDz4,3
2025-10-21,In the Mood for Love 2001,2001,https://boxd.it/SUr0,1
2025-10-21,Terrifier 2,2022,https://boxd.it/oI10,2
2025-10-21,Particle Fever,2013,https://boxd.it/64y8,3
2025-10-21,Coal Iron,2010,https://boxd.it/GAL6,2
2025-10-21,Legends of the Condor Heroes: The Gallants,2025,https://boxd.it/IYfM,2
2025-10-21,Rebels of the Neon God,1992,https://boxd.it/mp2,3
2025-10-21,Kaala,2018,https://boxd.it/gp6O,3
2025-10-21,Blood Simple,1984,https://boxd.it/1U16,4
2025-10-21,Padak,2012,https://boxd.it/4jLi,3
2025-10-21,As It Was,2023,https://boxd.it/Gi8U,3
2025-10-21,Persona,2022,https://boxd.it/A0MU,3
2025-10-21,Monsoon Blue,2023,https://boxd.it/J1Hu,2
2025-10-21,Home Alone,1990,https://boxd.it/29Fg,3
2025-10-21,Mickey 17,2025,https://boxd.it/q1Dk,2
2025-10-21,Guinea Pig Part 4: Devil Doctor Woman,1986,https://boxd.it/1b24,1
2025-10-21,Taiwan Province,2024,https://boxd.it/M8xC,1
2025-10-21,Touching,2021,https://boxd.it/B02E,3
2025-10-21,Red One,2024,https://boxd.it/vTBM,1
2025-10-21,Tales from the Gimli Hospital,1988,https://boxd.it/Y4G,3
2025-10-21,The Heart of the World,2000,https://boxd.it/Z3k,3
2025-10-21,Guinea Pig: Devil's Experiment,1985,https://boxd.it/1H9w,1
2025-10-21,Cesium Fallout,2024,https://boxd.it/NPpI,3
2025-10-21,The Lord of the Rings: The Fellowship of the Ring,2001,https://boxd.it/2b5O,3
2025-10-21,August Sky,2020,https://boxd.it/tFtU,2
2025-10-21,On the Border,2018,https://boxd.it/iLre,3
2025-10-21,The Last Dance,2024,https://boxd.it/Kz1u,1
2025-10-21,Fallen Art,2004,https://boxd.it/1rZ2,3
2025-10-21,Killing Time at Home,2003,https://boxd.it/asju,3
2025-10-21,The Employment,2008,https://boxd.it/PMk,3
2025-10-21,Terrifier,2016,https://boxd.it/eRzg,3
2025-10-21,Venom: The Last Dance,2024,https://boxd.it/ynqo,1
2025-10-21,Jour de Fête,1949,https://boxd.it/243Q,4
2025-10-21,Partly Cloudy,2009,https://boxd.it/1xzE,3
2025-10-21,Gladiator II,2024,https://boxd.it/kqQQ,3
2025-10-21,Gravity,2013,https://boxd.it/GZY,3
2025-10-21,The Martian,2015,https://boxd.it/8SeG,3
2025-10-21,Coherence,2013,https://boxd.it/6xza,3
2025-10-21,2001: A Space Odyssey,1968,https://boxd.it/2bf0,5
2025-10-21,Chungking Express,1994,https://boxd.it/1UDa,2
2025-10-21,The Sixth Sense,1999,https://boxd.it/29Js,3
2025-10-21,Memories of Matsuko,2006,https://boxd.it/1iVU,4
2025-10-21,The Dark Knight Rises,2012,https://boxd.it/H3m,1
2025-10-21,Shutter Island,2010,https://boxd.it/1U82,4
2025-10-21,Devils on the Doorstep,2000,https://boxd.it/1v16,4
2025-10-21,Lord of the Flies,1963,https://boxd.it/1Xqy,3
2025-10-21,Skyscraper Symphony,1929,https://boxd.it/5KHa,3
2025-10-21,Atonement,2007,https://boxd.it/24ui,3
2025-10-21,Lumière!,2016,https://boxd.it/etNe,4
2025-10-21,The Brutalist,2024,https://boxd.it/k4BO,3
2025-10-21,The Pursuit of Happyness,2006,https://boxd.it/28PE,2
2025-10-21,Parasite,2019,https://boxd.it/hTha,4
2025-10-21,The Substance,2024,https://boxd.it/zanS,4
2025-10-21,Hachi: A Dog's Tale,2009,https://boxd.it/1q4a,3
2025-10-21,A Place Called Silence,2024,https://boxd.it/NDiU,2
2025-10-21,Chinese Roulette,1976,https://boxd.it/1b2I,3
2025-10-21,Your Name Engraved Herein,2020,https://boxd.it/qWwA,4
2025-10-21,Confessions,2010,https://boxd.it/uRS,4
2025-10-21,The Matrix,1999,https://boxd.it/2a1m,4
2025-10-21,Spectral,2016,https://boxd.it/ayYI,2
2025-10-21,Beasts of No Nation,2015,https://boxd.it/8Lp8,4
2025-10-21,The Great Buddha+,2017,https://boxd.it/h2rw,5
2025-10-21,Don't Breathe,2016,https://boxd.it/9yzw,2
2025-10-21,The Piano Tuner,2010,https://boxd.it/5LdA,3
2025-10-21,Fluffy Ball,2022,https://boxd.it/AMcq,2
2025-10-21,The Square,2017,https://boxd.it/e5YW,4
2025-10-21,The Secret Life of Walter Mitty,2013,https://boxd.it/3SWy,3
2025-10-21,Unspeakable,2022,https://boxd.it/VVxu,2
2025-10-21,Hard Luck,1921,https://boxd.it/158q,3
2025-10-21,Stand by Me,1986,https://boxd.it/2aOe,3
2025-10-21,Pay Day,1922,https://boxd.it/wAk,3
2025-10-21,All This Surveillance,2019,https://boxd.it/Feqe,3
2025-10-21,7 billion,2016,https://boxd.it/iuRu,2
2025-10-21,Welcome to Kitty City,2011,https://boxd.it/mjqA,3
2025-10-21,Baaa,2011,https://boxd.it/aAVw,2
2025-10-21,malfunction,2014,https://boxd.it/aBfm,2
2025-10-21,Loop,2020,https://boxd.it/l4OA,3
2025-10-21,Cows & Cows & Cows,2010,https://boxd.it/ikYK,3
2025-10-21,Blind Shaft,2003,https://boxd.it/1TJ2,4
2025-10-21,The Goddess,1934,https://boxd.it/3M8W,4
2025-10-21,Andrei Rublev,1966,https://boxd.it/29lg,4
2025-10-21,The Imitation Game,2014,https://boxd.it/6aig,3
2025-10-21,A Separation,2011,https://boxd.it/gvo,5
2025-10-21,"The Pig, the Snake and the Pigeon",2023,https://boxd.it/DAoU,3
2025-10-21,Walkover,1965,https://boxd.it/562m,3
2025-10-21,8½,1963,https://boxd.it/2aqm,4
2025-10-21,Bloodrunner Zero,2018,https://boxd.it/SiME,1
2025-10-21,Being John Malkovich,1999,https://boxd.it/2ahu,4
2025-10-21,Run Lola Run,1998,https://boxd.it/2b8o,4
2025-10-21,The Bourne Identity,2002,https://boxd.it/26EO,3
2025-10-21,Twisters,2024,https://boxd.it/qV7a,2
2025-10-21,Children of Men,2006,https://boxd.it/1Y2i,4
2025-10-21,Orlando,1992,https://boxd.it/1Z1K,3
2025-10-21,Un Chien Andalou,1929,https://boxd.it/29Y8,3
2025-10-21,Titane,2021,https://boxd.it/nlQC,2
2025-10-21,Son of Saul,2015,https://boxd.it/b6r4,3
2025-10-21,Fanny's Journey,2016,https://boxd.it/dp3a,3
2025-10-21,The Cure,1995,https://boxd.it/21nI,3
2025-10-21,Kanal,1957,https://boxd.it/1mky,4
2025-10-21,Misery,1990,https://boxd.it/28gY,4
2025-10-21,Gladiator,2000,https://boxd.it/2b9m,4
2025-10-21,The House Is Black,1963,https://boxd.it/STe,4
2025-10-21,Boyhood,2014,https://boxd.it/3178,4
2025-10-21,Alice,1988,https://boxd.it/1G3C,3
2025-10-21,Moon Man,2022,https://boxd.it/ubmc,2
2025-10-21,A Short Film About Love,1988,https://boxd.it/1jXC,3
2025-10-21,M,1931,https://boxd.it/29vq,4
2025-10-21,Land of Mine,2015,https://boxd.it/b5ee,4
2025-10-21,Incendies,2010,https://boxd.it/Msm,4
2025-10-21,Twilight,2008,https://boxd.it/1Zui,2
2025-10-21,Ollie,2023,https://boxd.it/K2bw,3
2025-10-21,The Kármán Line,2014,https://boxd.it/9lfS,3
2025-10-21,Memories of Murder,2003,https://boxd.it/1TSo,4
2025-10-21,The Usual Suspects,1995,https://boxd.it/29XE,4
2025-10-21,Some Thing,2015,https://boxd.it/iT6I,3
2025-10-21,Yolo,2024,https://boxd.it/KHie,1
2025-10-21,It,2017,https://boxd.it/bC8e,1
2025-10-21,Dune: Part Two,2024,https://boxd.it/pUfA,4
2025-10-21,"Rome, Open City",1945,https://boxd.it/2aD6,4
2025-10-21,Dune,2021,https://boxd.it/fA7G,4
2025-10-21,Le Samouraï,1967,https://boxd.it/22ZI,4
2025-10-21,Safety Last!,1923,https://boxd.it/1AkW,3
2025-10-21,The 400 Blows,1959,https://boxd.it/2b1C,5
2025-10-21,Bilby,2018,https://boxd.it/jdkA,3
2025-10-21,One Flew Over the Cuckoo's Nest,1975,https://boxd.it/2aeA,4
2025-10-21,Identity,2003,https://boxd.it/26e2,2
2025-10-21,Total Fury,2007,https://boxd.it/cb0u,2
2025-10-21,Floor 9.5,2017,https://boxd.it/ifUo,3
2025-10-21,Liverleaf,2018,https://boxd.it/hZDm,2
2025-10-21,The Curious Case of Benjamin Button,2008,https://boxd.it/23Fk,3
2025-10-21,Virgin Mountain,2015,https://boxd.it/aorY,3
2025-10-21,Unfriended,2014,https://boxd.it/8sXg,3
2025-10-21,Our Hospitality,1923,https://boxd.it/29Mm,4
2025-10-21,Werckmeister Harmonies,2000,https://boxd.it/1zzw,5
2025-10-21,The Shining,1980,https://boxd.it/29Nu,4
2025-10-21,Blade Runner,1982,https://boxd.it/2bcA,4
2025-10-21,The Platform,2019,https://boxd.it/mUm6,3
2025-10-21,The Boy in the Striped Pyjamas,2008,https://boxd.it/1NOK,3
2025-10-21,Passengers,2016,https://boxd.it/8lFu,3
2025-10-21,I Spit on Your Grave,2010,https://boxd.it/Tbs,3
2025-10-21,Cargo,2013,https://boxd.it/5yVO,3
2025-10-21,Cube,1997,https://boxd.it/2aoU,3
2025-10-21,Downfall,2004,https://boxd.it/2a04,4
2025-10-21,The Gold Rush,1925,https://boxd.it/29ce,4
2025-10-21,Mission: Impossible – Fallout,2018,https://boxd.it/bSVc,3
2025-10-21,Heat,1995,https://boxd.it/2bg8,4
2025-10-21,The Day After Tomorrow,2004,https://boxd.it/2aog,3
2025-10-21,Zootopia,2016,https://boxd.it/84xS,3
2025-10-21,Dying to Survive,2018,https://boxd.it/jnEA,3
2025-10-21,Full Metal Jacket,1987,https://boxd.it/2a1Q,3
2025-10-21,Blood Diamond,2006,https://boxd.it/28Tm,3
2025-10-21,Se7en,1995,https://boxd.it/29zs,4
2025-10-21,The Lives of Others,2006,https://boxd.it/2a4A,4
2025-10-21,Memento,2000,https://boxd.it/2bcK,4
2025-10-21,Call Me by Your Name,2017,https://boxd.it/dYmm,2
2025-10-21,The Pianist,2002,https://boxd.it/2aqc,4
2025-10-21,The Cremator,1969,https://boxd.it/1H8y,5
2025-10-21,The Silence of the Lambs,1991,https://boxd.it/2aHW,3
2025-10-21,A Clockwork Orange,1971,https://boxd.it/2aVE,4
2025-10-21,Following,1998,https://boxd.it/1Tj4,3
2025-10-21,Das Boot,1981,https://boxd.it/2av2,4
2025-10-21,Dead Silence,2007,https://boxd.it/1OWK,3
2025-10-21,Deep Sea,2023,https://boxd.it/oRIs,3
2025-10-23,Gone Girl,2014,https://boxd.it/6hQu,3.5
2025-10-23,How to Train Your Dragon,2010,https://boxd.it/1WRy,3
2025-10-25,Amélie,2001,https://boxd.it/2aUc,3
2025-10-27,The Godfather Part III,1990,https://boxd.it/2aN6,3.5
2025-10-27,The Boss's Woman,2013,https://boxd.it/umMU,0.5
2025-10-27,See Through,2008,https://boxd.it/mPny,3
2025-10-27,The Terminal,2004,https://boxd.it/2a2O,2.5
2025-10-30,Django Unchained,2012,https://boxd.it/2cCk,4.5
2025-10-30,Train to Busan,2016,https://boxd.it/dSQU,1
2025-10-30,Despicable Me,2010,https://boxd.it/1DD8,2.5
2025-11-03,The Matrix Revolutions,2003,https://boxd.it/2a12,3
2025-11-04,"Three Billboards Outside Ebbing, Missouri",2017,https://boxd.it/ceBS,4
2025-11-06,The Bourne Ultimatum,2007,https://boxd.it/26Eu,3.5
2025-11-07,The Nine-Colored Deer,1981,https://boxd.it/711M,3
2025-11-09,Dallas Buyers Club,2013,https://boxd.it/4O8G,2.5
2025-11-13,Ice Age,2002,https://boxd.it/2apS,1
2025-11-13,pb,2003,https://boxd.it/l8au,1.5
2025-11-14,Deep in the Heart,2014,https://boxd.it/9bdM,3
2025-11-14,Angst,1983,https://boxd.it/1G46,4
2025-11-15,Now You See Me,2013,https://boxd.it/2Bsu,2
2025-11-15,Now You See Me: Now You Don't,2025,https://boxd.it/f3i2,1.5
2025-11-19,Triangle,2009,https://boxd.it/1tQG,3.5
2025-12-14,La La Land,2016,https://boxd.it/a5fa,3.5
2025-12-20,Zootopia 2,2025,https://boxd.it/F0vO,2
2025-12-22,Gattaca,1997,https://boxd.it/29Du,4
2025-12-23,Don't Look Now... We're Being Shot At!,1966,https://boxd.it/20oq,3
2025-12-25,The Patriot,2000,https://boxd.it/27Bw,2.5
2025-12-28,Rashomon,1950,https://boxd.it/2a9K,4.5
2025-12-29,To Live,1994,https://boxd.it/1j6S,3
2025-12-29,The Handmaiden,2016,https://boxd.it/948A,3
2026-01-02,Elevator to the Gallows,1958,https://boxd.it/294u,4
2026-01-03,A Dream Within a Dream,2025,https://boxd.it/10Nwo,0.5
2026-01-03,开学第一课,,https://boxd.it/IuH2,0.5
2026-01-04,Oppenheimer,2023,https://boxd.it/wUow,4
2026-01-04,Larceny,1996,https://boxd.it/gj4C,2
2026-01-04,Patch Adams,1998,https://boxd.it/1Wzk,2
2026-01-06,The Room Next Door,2024,https://boxd.it/Fb4k,3.5
2026-01-07,All We Imagine as Light,2024,https://boxd.it/yXaQ,2.5
2026-01-08,Burning,2018,https://boxd.it/hHUa,4
2026-01-08,Barbarian,2022,https://boxd.it/yohi,3.5
2026-01-09,Fury,1936,https://boxd.it/1NJg,4
2026-01-10,The Rough House,1917,https://boxd.it/BBi,2.5
2026-01-10,The Lodger: A Story of the London Fog,1927,https://boxd.it/26m6,3
2026-01-11,Always Tell Your Wife,1923,https://boxd.it/dwoO,3
2026-01-12,Poirot,2003,https://boxd.it/10hOU,3.5
2026-01-12,Alien: Romulus,2024,https://boxd.it/zGqO,3.5
2026-01-13,Les Mains négatives,1978,https://boxd.it/55pa,3.5
2026-01-13,Saw,2004,https://boxd.it/2aWW,4
2026-01-13,The Dead,1987,https://boxd.it/13vC,3
2026-01-13,The Ring,1927,https://boxd.it/1br4,2
2026-01-14,Holy Motors,2012,https://boxd.it/3wai,4
2026-01-15,Our Memory,2022,https://boxd.it/AQhk,2
2026-01-15,Watercolor,1958,https://boxd.it/6rLa,3.5
2026-01-15,2000 Meters to Andriivka,2025,https://boxd.it/RSH4,4
2026-01-15,Strangulation Blues,1980,https://boxd.it/cWY2,2
2026-01-16,Boy Meets Girl,1984,https://boxd.it/8Ti,4
2026-01-16,Saw 3D,2010,https://boxd.it/Znk,2
2026-01-17,Waterloo Bridge,1940,https://boxd.it/TuO,4
2026-01-17,Jigsaw,2017,https://boxd.it/9sDs,1.5
2026-01-18,Mauvais Sang,1986,https://boxd.it/5c6,4
2026-01-19,Beijing 2008 Olympic Opening Ceremony,2008,https://boxd.it/1tEq,3
2026-01-19,Roman Holiday,1953,https://boxd.it/29zW,4
2026-01-19,Castle in the Sky,1986,https://boxd.it/1W4G,4
2026-01-19,Universal Language,2024,https://boxd.it/BlwA,4.5
2026-01-19,A.I. Artificial Intelligence,2001,https://boxd.it/29Ve,4.5
2026-01-19,The Last Emperor,1987,https://boxd.it/29Ji,4
2026-01-19,The Boys from Fengkuei,1983,https://boxd.it/3Ag0,4
2026-01-19,3 Idiots,2009,https://boxd.it/1Dsa,3.5
2026-01-19,"Germany, Year Zero",1948,https://boxd.it/20FG,4.5
2026-01-19,A Sun,2019,https://boxd.it/n3uo,3.5
2026-01-19,La Maison en Petits Cubes,2008,https://boxd.it/1D06,4
2026-01-19,The Goat,1921,https://boxd.it/BAE,3.5
2026-01-19,The High Sign,1921,https://boxd.it/N0S,3.5
2026-01-19,La Strada,1954,https://boxd.it/2asi,4.5
2026-01-19,Insomnia,2002,https://boxd.it/2aB0,4
2026-01-19,An Elephant Sitting Still,2018,https://boxd.it/i1EQ,4.5
2026-01-19,City of God,2002,https://boxd.it/2a2a,4
2026-01-19,A Brighter Summer Day,1991,https://boxd.it/1Luy,4.5
2026-01-19,Le Trou,1960,https://boxd.it/1nSw,4.5
2026-01-19,Sunset Boulevard,1950,https://boxd.it/2a20,4
2026-01-19,Sherlock Jr.,1924,https://boxd.it/298m,4.5
2026-01-19,One Week,1920,https://boxd.it/1zr8,4
2026-01-19,Joker,2019,https://boxd.it/h4cS,4
2026-01-19,Mr. Tree,2011,https://boxd.it/3b7s,4.5
2026-01-19,The Fall,2006,https://boxd.it/1NoM,4.5
2026-01-19,The Truman Show,1998,https://boxd.it/18U8,4
2026-01-19,Inception,2010,https://boxd.it/1skk,4
2026-01-19,Interstellar,2014,https://boxd.it/4VZ8,4.5
2026-01-19,Life of Pi,2012,https://boxd.it/37pC,3.5
2026-01-19,The Dark Knight,2008,https://boxd.it/2b0k,4
2026-01-19,The Hunt,2012,https://boxd.it/3wEC,4
2026-01-19,1917,2019,https://boxd.it/jj4y,4
2026-01-19,Life Is Beautiful,1997,https://boxd.it/29Wm,4
2026-01-19,Apocalypse Now,1979,https://boxd.it/6ZS,4.5
2026-01-19,The Scarecrow,1920,https://boxd.it/BB8,4
2026-01-19,Inglourious Basterds,2009,https://boxd.it/1JzG,4.5
2026-01-19,Scum,1979,https://boxd.it/1vK6,4
2026-01-19,It's Not Me,2024,https://boxd.it/GZec,4.5
2026-01-19,Let the Bullets Fly,2010,https://boxd.it/Bba,3.5
2026-01-19,Léon: The Professional,1994,https://boxd.it/2b8S,3.5
2026-01-19,In the Mood for Love,2000,https://boxd.it/29tE,3
2026-01-19,A Chinese Odyssey Part One: Pandora's Box,1995,https://boxd.it/1Qns,3.5
2026-01-19,King of Comedy,1999,https://boxd.it/xco,3.5
2026-01-19,Searching,2018,https://boxd.it/hDPg,3.5
2026-01-19,Calls,2021,https://boxd.it/ve22,3.5
2026-01-19,Incantation,2022,https://boxd.it/wFiI,3.5
2026-01-19,Death's Game,2023,https://boxd.it/KPou,3.5
2026-01-19,Invictus,2009,https://boxd.it/1zPk,2.5
2026-01-19,The Black Hole,2008,https://boxd.it/3Ao4,2.5
2026-01-19,Bogotá Story,2023,https://boxd.it/HKzw,3.5
2026-01-19,A Long Shot,2023,https://boxd.it/IV6W,3.5
2026-01-19,Saw III,2006,https://boxd.it/2aRC,3.5
2026-01-19,Unfriended: Dark Web,2018,https://boxd.it/ifs0,3.5
2026-01-19,Doodlebug,1997,https://boxd.it/TZC,3.5
2026-01-19,Room 8,2013,https://boxd.it/5N7a,3
2026-01-19,Runaway Jury,2003,https://boxd.it/1U7o,3.5
2026-01-19,Overrun,2017,https://boxd.it/hzHC,3.5
2026-01-19,Soul,2020,https://boxd.it/ioLA,3.5
2026-01-19,Alleycats,2017,https://boxd.it/o8na,2.5
2026-01-19,Piper,2016,https://boxd.it/dZaG,3
2026-01-19,Amour,2012,https://boxd.it/34Q6,3.5
2026-01-19,MEOW,2009,https://boxd.it/ECps,3
2026-01-19,Due Date,2010,https://boxd.it/YFs,2.5
2026-01-19,Warm Bodies,2013,https://boxd.it/2TFm,3
2026-01-19,The Play House,1921,https://boxd.it/BAk,3
2026-01-19,Convict 13,1920,https://boxd.it/15oo,3.5
2026-01-19,Corpse Bride,2005,https://boxd.it/24WQ,3.5
2026-01-19,The Monkey King: Uproar in Heaven,1961,https://boxd.it/JVU,3.5
2026-01-19,Spirited Away,2001,https://boxd.it/2b4m,3
2026-01-19,No Country for Old Men,2007,https://boxd.it/21ew,4.5
2026-01-19,Witness for the Prosecution,1957,https://boxd.it/18H4,4.5
2026-01-19,12 Angry Men,1957,https://boxd.it/2auI,4.5
2026-01-19,Bicycle Thieves,1948,https://boxd.it/23hW,4.5
2026-01-19,Wings of Desire,1987,https://boxd.it/2b26,4.5
2026-01-19,The Lovers on the Bridge,1991,https://boxd.it/26li,3.5
2026-01-19,Johnny Keep Walking!,2023,https://boxd.it/ItNy,2.5
2026-01-19,Successor,2024,https://boxd.it/NA8i,2.5
2026-01-19,Dangal,2016,https://boxd.it/chfU,2.5
2026-01-19,Insidious,2010,https://boxd.it/H4k,2.5
2026-01-19,Silenced,2011,https://boxd.it/2QGG,2.5
2026-01-19,Saw VI,2009,https://boxd.it/1A2y,2.5
2026-01-19,Inkheart,2008,https://boxd.it/26XG,2.5
2026-01-19,Saw V,2008,https://boxd.it/1SMa,2.5
2026-01-19,Saw IV,2007,https://boxd.it/29Sa,2.5
2026-01-19,Batman Begins,2005,https://boxd.it/2aIg,2.5
2026-01-19,Mean Girls,2004,https://boxd.it/1VNg,2.5
2026-01-19,Falling Leaves,1912,https://boxd.it/4GkO,2.5
2026-01-19,The Haunted House,1921,https://boxd.it/BAO,2.5
2026-01-19,Cinema Paradiso,1988,https://boxd.it/1UlA,3.5
2026-01-19,The Condition of Dogs,2001,https://boxd.it/6thG,2.5
2026-01-19,Thelma & Louise,1991,https://boxd.it/28Ew,3.5
2026-01-19,Breathless,1960,https://boxd.it/2aIK,3.5
2026-01-19,Allures,1961,https://boxd.it/4xL2,2.5
2026-01-19,Ju-on: The Grudge,2002,https://boxd.it/1SY6,2.5
2026-01-19,Trainspotting,1996,https://boxd.it/29XY,3.5
2026-01-19,"4 Months, 3 Weeks and 2 Days",2007,https://boxd.it/27DW,3.5
2026-01-19,"Salò, or the 120 Days of Sodom",1975,https://boxd.it/237s,3.5
2026-01-19,Guinea Pig Part 2: Flower of Flesh and Blood,1985,https://boxd.it/1bp8,2.5
2026-01-19,Pegasus 2,2024,https://boxd.it/KFYM,2.5
2026-01-19,The Colour Out of Space,2017,https://boxd.it/iY3k,2.5
2026-01-19,Thunderbolts*,2025,https://boxd.it/BfbQ,2.5
2026-01-19,The Amateur,2025,https://boxd.it/F9NW,2.5
2026-01-19,Adolescence,2025,https://boxd.it/TFGw,3.5
2026-01-19,In My Eyes,2023,https://boxd.it/Gpru,2.5
2026-01-19,Date by the Sea,2021,https://boxd.it/M7Ia,2.5
2026-01-19,"T,O,U,C,H,I,N,G",1969,https://boxd.it/54Sq,2.5
2026-01-19,The Equalizer 2,2018,https://boxd.it/bAEW,2.5
2026-01-19,Ne Zha,2019,https://boxd.it/mKSm,2.5
2026-01-19,China's Post-00s,2019,https://boxd.it/QImo,2
2026-01-19,Elephant in the Car,2020,https://boxd.it/rKYk,2.5
2026-01-19,Luca,2021,https://boxd.it/ipjC,2.5
2026-01-19,Curve,2016,https://boxd.it/dFF0,2.5
2026-01-19,Cycles,2010,https://boxd.it/7fAm,2.5
2026-01-20,The Elephant Man,1980,https://boxd.it/27LQ,3.5
2026-01-21,The Matrix Reloaded,2003,https://boxd.it/2a1c,2.5
2026-01-21,Le Rouge et le Noir,2016,https://boxd.it/zPP4,3.5
2026-01-21,The Bucket List,2007,https://boxd.it/20Ye,2
2026-01-21,Fox Hunt,2025,https://boxd.it/rmoC,0.5
2026-01-21,731,2025,https://boxd.it/OrSy,0.5
2026-01-21,Never a Thief,2025,https://boxd.it/VM8U,0.5
2026-01-21,Tall Girl,2025,https://boxd.it/T2UE,0.5
2026-01-21,Fake Dad,2025,https://boxd.it/NayY,0.5
2026-01-21,There's Still Tomorrow,2023,https://boxd.it/COrw,1.5
2026-01-21,Miracle in Cell No. 7,2013,https://boxd.it/4Xws,1
2026-01-21,The Autobots,2015,https://boxd.it/k3JM,0.5
2026-01-21,The Myth,2005,https://boxd.it/1Tkc,0.5
2026-01-21,Prequel of the Monkey King,2009,https://boxd.it/hQ6e,0.5
2026-01-22,The Seed of the Sacred Fig,2024,https://boxd.it/MKo4,3.5
2026-01-22,2012,2009,https://boxd.it/1OE2,3
2026-01-22,Pulp Fiction,1994,https://boxd.it/29Pq,3.5
2026-01-22,The Intouchables,2011,https://boxd.it/2FT0,2.5
2026-01-22,The Chorus,2004,https://boxd.it/22X8,3
2026-01-22,Kill Bill: Vol. 1,2003,https://boxd.it/70w,3.5
2026-01-22,Saw II,2005,https://boxd.it/2aRs,3
2026-01-22,The Prestige,2006,https://boxd.it/293w,3.5
2026-01-22,Rain Man,1988,https://boxd.it/2avw,3
2026-01-22,Seven Chances,1925,https://boxd.it/1gRG,3
2026-01-22,Alien,1979,https://boxd.it/2awY,3.5
2026-01-22,Maharaja,2024,https://boxd.it/GiAu,3.5
2026-01-22,Hacksaw Ridge,2016,https://boxd.it/azew,3.5
2026-01-22,A Man Called Ove,2015,https://boxd.it/bHuY,3.5
2026-01-22,Brokeback Mountain,2005,https://boxd.it/2b2q,3.5
2026-01-22,Joker: Folie à Deux,2024,https://boxd.it/xBoE,3.5
2026-01-22,The Little Matchgirl,2006,https://boxd.it/15GM,3.5
2026-01-22,"Our Time, Our Story",2002,https://boxd.it/cScy,3
2026-01-22,Father and Daughter,2000,https://boxd.it/I2k,3.5
2026-01-22,Coco,2017,https://boxd.it/bYJQ,3.5
2026-01-22,The Inspired Island:  Home In Two Cities,2011,https://boxd.it/tDnK,3
2026-01-22,AlphaGo,2017,https://boxd.it/geTA,3.5
2026-01-22,Flow,2024,https://boxd.it/v1Ei,3
2026-01-22,Anora,2024,https://boxd.it/Egcw,3.5
2026-01-22,Land,2021,https://boxd.it/m5b2,1.5
2026-01-22,Flipped,2010,https://boxd.it/Tb8,1.5
2026-01-22,The Battle at Lake Changjin,2021,https://boxd.it/thB6,1.5
2026-01-22,Upstream,2024,https://boxd.it/MBro,1.5
2026-01-22,The Shooting of 319,2019,https://boxd.it/nUWg,1.5
2026-01-22,Room,2015,https://boxd.it/7T0y,1.5
2026-01-22,Oceans Rising,2017,https://boxd.it/fLnK,1
2026-01-22,Guinea Pig Part 3: He Never Dies,1986,https://boxd.it/2uV0,1
2026-01-22,Her Story,2024,https://boxd.it/M3ES,1.5
2026-01-22,Ne Zha 2,2025,https://boxd.it/B2qe,1.5
2026-01-22,Violent Obsession,2023,https://boxd.it/IOn2,1.5
2026-01-23,My Last Minute,2006,https://boxd.it/YTL6,2.5
2026-01-23,Infernal Affairs,2002,https://boxd.it/1Vqw,2
2026-01-24,Pola X,1999,https://boxd.it/1c20,3.5
2026-01-24,Time Still Turns the Pages,2023,https://boxd.it/Aap2,2.5
2026-01-24,All Quiet on the Western Front,2022,https://boxd.it/H08,3
2026-01-24,Satantango,1994,https://boxd.it/1j9M,4.5
2026-01-24,Psycho,1960,https://boxd.it/2ab2,4.5
2026-01-25,Pink Floyd: The Wall,1982,https://boxd.it/1Sxk,3
2026-01-25,Sans Titre,1997,https://boxd.it/4sLc,2
2026-01-25,Girls Will Be Girls,2024,https://boxd.it/FVUw,2.5
2026-01-25,The Island,2018,https://boxd.it/jtJm,1
2026-01-25,Never Say Die,2017,https://boxd.it/hdjS,1
2026-01-25,Regarding Henry,1991,https://boxd.it/1U1K,1.5
2026-01-25,Michael Jackson's Thriller,1983,https://boxd.it/3e76,2
2026-01-25,Life In The Hole,2017,https://boxd.it/hvjm,0.5
2026-01-25,Drop,2025,https://boxd.it/LyPq,1
2026-01-25,Tower Heist,2011,https://boxd.it/iQI,2.5
2026-01-25,The Bourne Legacy,2012,https://boxd.it/H16,1
2026-01-25,Everything Goes,2004,https://boxd.it/bP0s,2
2026-01-25,Monsters University,2013,https://boxd.it/bQm,2
2026-01-25,Ritual in Transfigured Time,1946,https://boxd.it/3Af2,3
2026-01-25,Wind,1996,https://boxd.it/7fZQ,4
2026-01-25,Balance,1989,https://boxd.it/ScO,2.5
2026-01-25,Saw,2003,https://boxd.it/7eiG,2
2026-01-25,The Pleasure Garden,1925,https://boxd.it/1os,1
2026-01-25,HONK,2023,https://boxd.it/IXFk,2
2026-01-25,Braveheart,1995,https://boxd.it/2aTI,3
2026-01-25,National Theatre Live: Prima Facie,2022,https://boxd.it/Ao48,4
2026-01-25,Inside Out,2015,https://boxd.it/4KHC,3
2026-01-25,Big Hero 6,2014,https://boxd.it/5rje,3
2026-01-25,Moonfall,2022,https://boxd.it/ejwM,1
2026-01-25,"My People, My Country",2019,https://boxd.it/mEjg,0.5
2026-01-25,Wolf Warrior 2,2017,https://boxd.it/g8Ho,0.5
2026-01-25,The Wandering Earth,2019,https://boxd.it/jtJc,1.5
2026-01-25,Looking Up,2019,https://boxd.it/mhuA,1
2026-01-25,Green Book,2018,https://boxd.it/hErk,3
2026-01-25,The Climbers,2019,https://boxd.it/mc3Y,1
2026-01-25,Frozen,2013,https://boxd.it/3GNa,2
2026-01-25,I Am Nezha 2,2023,https://boxd.it/Iww6,0.5
2026-01-25,The Sound of Music,1965,https://boxd.it/1MLK,3.5
2026-01-25,Rise of the Planet of the Apes,2011,https://boxd.it/cS4,2.5
2026-01-25,Gestalt,1999,https://boxd.it/dowq,3
2026-01-25,Quay,2015,https://boxd.it/bQZm,1.5
2026-01-25,Tarantella,1989,https://boxd.it/uhUa,1.5
2026-01-25,Crazy Alien,2019,https://boxd.it/l4Lc,1.5
2026-01-25,The Knockout,2023,https://boxd.it/F6cI,2
2026-01-25,"Hi, Mom",2021,https://boxd.it/svxU,1.5
2026-01-25,Secrets of the Heavenly Book,1983,https://boxd.it/4lMW,3
2026-01-25,Hello Mr. Billionaire,2018,https://boxd.it/jCys,1.5
2026-01-25,Sleeping Dogs,2024,https://boxd.it/AXYU,1
2026-01-25,The Mermaid,2016,https://boxd.it/di0S,1
2026-01-26,Tokyo!,2008,https://boxd.it/1ZxG,3
2026-01-28,The Emoji Movie,2017,https://boxd.it/d9x4,1
2026-01-28,A Bug's Life,1998,https://boxd.it/1Yyy,2.5
2026-01-29,Dances with Wolves,1990,https://boxd.it/2a4K,4
2026-01-29,Hail the Judge,1994,https://boxd.it/svK,3.5
2026-01-29,Crazy Stone,2006,https://boxd.it/PGm,3.5
2026-01-29,Wild Tales,2014,https://boxd.it/7UmK,3.5
2026-01-29,Good Will Hunting,1997,https://boxd.it/2ahY,3.5
2026-01-29,Source Code,2011,https://boxd.it/fdo,3.5
2026-01-29,Forrest Gump,1994,https://boxd.it/728,3.5
2026-01-29,Nobody Knows,2004,https://boxd.it/26E0,3
2026-01-29,100 Yen Love,2014,https://boxd.it/a8tk,3
2026-01-29,The Conjuring,2013,https://boxd.it/4sr2,3.5
2026-01-29,Phone Booth,2002,https://boxd.it/285G,3.5
2026-01-29,The Bourne Supremacy,2004,https://boxd.it/26EE,3.5
2026-01-29,A Beautiful Mind,2001,https://boxd.it/2amk,3.5
2026-01-29,Hereditary,2018,https://boxd.it/hNVe,3.5
2026-01-29,Earth,1930,https://boxd.it/MP6,3.5
2026-01-29,Murder in 405,1980,https://boxd.it/j2QK,3.5
2026-01-29,Yi Yi,2000,https://boxd.it/1vCw,3.5
2026-01-29,The Butterfly Effect,2004,https://boxd.it/27M0,3.5
2026-01-29,Saving Private Ryan,1998,https://boxd.it/29ro,3.5
2026-01-29,The Cabin in the Woods,2011,https://boxd.it/1zOc,3.5
2026-01-29,Next Floor,2008,https://boxd.it/3psY,3
2026-01-29,Catch Me If You Can,2002,https://boxd.it/29VS,3.5
2026-01-29,The Lord of the Rings: The Return of the King,2003,https://boxd.it/2b5u,3.5
2026-01-29,Ready Player One,2018,https://boxd.it/aZes,3.5
2026-01-29,The Lion King,1994,https://boxd.it/201Q,3.5
2026-01-29,Pirates of the Caribbean: The Curse of the Black Pearl,2003,https://boxd.it/70G,3.5
2026-01-29,Millennium Actress,2001,https://boxd.it/1fK0,4
2026-01-30,Early Spring,1956,https://boxd.it/1DkA,2
2026-01-30,Bohemian Rhapsody,2018,https://boxd.it/f1TK,2
2026-01-30,Little Girl Blue,2023,https://boxd.it/Fs4G,2.5
2026-01-31,The Passengers of the Night,2022,https://boxd.it/xPBi,3.5
2026-02-01,Greedy People,2024,https://boxd.it/ANiu,2.5
2026-02-01,Hymn to Merde,2009,https://boxd.it/bVuo,2.5
2026-02-01,Gradiva,2014,https://boxd.it/8rEC,2
2026-02-03,Marshland,2014,https://boxd.it/6Yjo,2.5
2026-02-03,No Other Land,2024,https://boxd.it/KOTG,3.5
2026-02-04,100 Flowers Hidden Deep,2002,https://boxd.it/YKoi,4
2026-02-04,Windowlicker,2020,https://boxd.it/urNo,4
2026-02-04,The Secret Garden,1993,https://boxd.it/1Uim,4
2026-02-04,Skyscraper Live,2026,https://boxd.it/ZAcy,2.5
2026-02-05,A Traveler's Needs,2024,https://boxd.it/Hm5i,2
2026-02-05,Darkest Hour,2017,https://boxd.it/dZZa,4
2026-02-05,Dolores Claiborne,1995,https://boxd.it/1SKo,4
2026-02-05,The Green Mile,1999,https://boxd.it/2agG,4
2026-02-05,Nezha Conquers the Dragon King,1979,https://boxd.it/2zQu,3.5
2026-02-05,Dunkirk,2017,https://boxd.it/d0Y6,4
2026-02-05,Tenet,2020,https://boxd.it/leq4,4
2026-02-05,Detachment,2011,https://boxd.it/2BiY,4
2026-02-05,The General,1926,https://boxd.it/29co,4
2026-02-05,Gone with the Wind,1939,https://boxd.it/29Fq,4
2026-02-05,F1,2025,https://boxd.it/yjVM,2
2026-02-05,Bean Cake,2001,https://boxd.it/44KO,3
2026-02-06,Conclave,2024,https://boxd.it/AO8q,2
2026-02-08,The Outrun,2024,https://boxd.it/txPo,2.5
2026-02-09,Taxi Driver,1976,https://boxd.it/2b8y,4
2026-02-10,The Trip to Squash Land,1967,https://boxd.it/6fLC,2.5
2026-02-10,Why Try to Escape from That Which You Know You Can't Escape From? Because You Are a Coward,1970,https://boxd.it/7KEO,3.5
2026-02-10,A Flower,1971,https://boxd.it/7KEY,2
2026-02-10,The Conjuring 2,2016,https://boxd.it/7GJg,1.5
2026-02-11,The Element of Crime,1984,https://boxd.it/1Zg6,4.5
2026-02-12,Radio Days,1987,https://boxd.it/1kms,4
2026-02-14,Look Back,2024,https://boxd.it/LjA6,2.5
2026-02-14,The Twentieth Century,2019,https://boxd.it/lqNE,4.5
2026-02-14,Seven Samurai,1954,https://boxd.it/2axi,4.5
2026-02-14,Elephant,2003,https://boxd.it/287i,4.5
2026-02-14,Landscape in the Mist,1988,https://boxd.it/JRy,4.5
2026-02-14,Come and See,1985,https://boxd.it/1w9q,4.5
2026-02-14,There Will Be Blood,2007,https://boxd.it/20Z2,4.5
2026-02-14,Farewell My Concubine,1993,https://boxd.it/1UTM,4
2026-02-14,The Grand Budapest Hotel,2014,https://boxd.it/3ZqO,4
2026-02-14,The Godfather,1972,https://boxd.it/2aNK,4
2026-02-14,Paranoid Park,2007,https://boxd.it/27GQ,4
2026-02-14,Grand Illusion,1937,https://boxd.it/29Ei,4
2026-02-14,"Black Cat, White Cat",1998,https://boxd.it/295s,4
2026-02-14,Fight Club,1999,https://boxd.it/2a9q,4
2026-02-14,Kung Fu Hustle,2004,https://boxd.it/1YBi,4
2026-02-14,Modern Times,1936,https://boxd.it/25MC,4
2026-02-14,A Chinese Odyssey Part Two: Cinderella,1995,https://boxd.it/2lzY,4
2026-02-14,City Lights,1931,https://boxd.it/29ki,4
2026-02-14,Annette,2021,https://boxd.it/f0RS,4
2026-02-15,The Blair Witch Project,1999,https://boxd.it/26ua,2.5
2026-02-16,Epidemic,1987,https://boxd.it/1ntm,2.5
2026-02-17,Last Train Home,2009,https://boxd.it/Pcm,2.5
2026-02-18,The Name of the Rose,1986,https://boxd.it/2aUw,3
2026-02-25,Beau Is Afraid,2023,https://boxd.it/u2gE,2
2026-02-25,Singin' in the Rain,1952,https://boxd.it/29oY,5
2026-02-25,Europa,1991,https://boxd.it/1ZfM,4.5
2026-02-27,Medea,1988,https://boxd.it/1d7q,3.5
2026-02-27,The Legend of 1900,1998,https://boxd.it/1WpY,3.5
2026-02-27,The Shawshank Redemption,1994,https://boxd.it/2aHi,3
2026-02-27,The English Patient,1996,https://boxd.it/2arE,3.5
2026-02-27,The Invisible Guest,2016,https://boxd.it/euce,3.5
2026-02-27,Scent of a Woman,1992,https://boxd.it/1YAu,3
2026-02-27,Whiplash,2014,https://boxd.it/7bQA,3.5
2026-02-27,Dead Poets Society,1989,https://boxd.it/2aSg,3.5
2026-02-27,The King's Speech,2010,https://boxd.it/dX0,3
2026-02-27,"Lock, Stock and Two Smoking Barrels",1998,https://boxd.it/2b92,3.5
2026-02-27,Scarface,1932,https://boxd.it/29oa,3.5
2026-02-27,Black Swan,2010,https://boxd.it/Sw0,3.5
2026-02-27,Apocalypto,2006,https://boxd.it/28yy,3.5
2026-02-27,How to Save a Dead Friend,2022,https://boxd.it/zTkk,3
2026-02-27,Children of Heaven,1997,https://boxd.it/1C5k,3.5
2026-02-27,A Generation,1955,https://boxd.it/UMk,3.5
2026-02-27,A Perfect World,1993,https://boxd.it/1Yng,3.5
2026-02-27,About Time,2013,https://boxd.it/43bI,3.5
2026-02-27,The Godfather Part II,1974,https://boxd.it/2aNq,3.5
2026-02-27,The Terror Live,2013,https://boxd.it/6gEs,3.5
2026-02-27,Titanic,1997,https://boxd.it/2a2k,3.5
2026-02-27,Neighbors,1920,https://boxd.it/BAY,3.5
2026-02-27,Manchester by the Sea,2016,https://boxd.it/b2L0,3.5
2026-02-27,Schindler's List,1993,https://boxd.it/2aq2,3
2026-02-27,Before Sunset,2004,https://boxd.it/2bcg,3.5
2026-02-27,Girl with a Pearl Earring,2003,https://boxd.it/256G,3.5
2026-02-27,Amadeus,1984,https://boxd.it/2aH8,3.5
2026-02-27,Rocky Balboa,2006,https://boxd.it/291q,3.5
2026-02-27,Wonder,2017,https://boxd.it/ekeY,1
