Date,Name,Year,Letterboxd URI,Rating,Rewatch,Review,Tags,Watched Date
2025-10-22,About Time,2013,https://boxd.it/bruj4d,4,,at first i felt like a lot of things didn’t make sense but the more it went on the less it mattered. tbh living in the moment sounds kinda cliché but here it actually hits hard and feels real,,2025-10-21
2025-10-23,Gone Girl,2014,https://boxd.it/bs620T,3.5,,"Control, dishonesty, insanity, 
and Fincher's austere vibe",,2025-10-22
2025-10-23,How to Train Your Dragon,2010,https://boxd.it/bsDRuB,3,,"really liked the boy-dragon duo, but it obviously felt more like taming than treating them as equals. the dad’s change of heart also felt a bit off",,2025-10-23
2025-10-25,Amélie,2001,https://boxd.it/btUfpL,3,,kinda aimless,,2025-10-25
2025-10-27,The Godfather Part III,1990,https://boxd.it/buNe27,3.5,,"3.5 relatively mediocre except for the last 30min. Vito Corleone died in bliss, while Michael Corleone died in sorrow and loneliness. ",,2025-10-26
2025-10-27,The Boss's Woman,2013,https://boxd.it/buNzpL,0.5,,Thats it. the director. what are people expecting him now,,2025-10-26
2025-10-27,See Through,2008,https://boxd.it/buNV1h,3,,better than recent nezha series without doubt,,2025-10-26
2025-10-27,Nezha Conquers the Dragon King,1979,https://boxd.it/bvxxeN,4.5,,4.5 a now vanished charm of chinese animation,,2025-10-27
2025-10-27,The Terminal,2004,https://boxd.it/bvBEGx,2.5,,2.5 not a typical of Steven Spielberg,,2025-10-27
2025-10-28,Hail the Judge,1994,https://boxd.it/bwiUat,4,,every character is vividly depicted. luv Stephen Chow,,2025-10-28
2025-10-29,Everything Goes,2004,https://boxd.it/bwl5Gf,,,why dont you dance?,,2025-10-28
2025-10-30,Django Unchained,2012,https://boxd.it/bwZsND,4.5,,"before this film i thought Quentin Tarantino was kinda boring, but it turned out i was wrong",,2025-10-29
2025-10-30,Train to Busan,2016,https://boxd.it/bxyMYh,1,,total cliché,,2025-10-30
2025-10-30,Despicable Me,2010,https://boxd.it/bxzsCH,2.5,,without the minions this would honestly just be a pretty average animated movie,,2025-10-30
2025-11-01,Le Rouge et le Noir,2016,https://boxd.it/byldpz,4.5,,"the coordination between the performance and the screen was truly impressive, and the songs were absolutely delightful. 

a memorable experience watching my first musical with my classmates.


and i wanna learn french sooo much after this!!!",,2025-10-31
2025-11-01,The Terror Live,2013,https://boxd.it/byV8T7,4,,like the way it ended. also with a limited budget it still created such a tense atmosphere. which was quite remarkable.,,2025-11-01
2025-11-03,The Matrix Revolutions,2003,https://boxd.it/bADe7F,3,,The only intriguing part was the last fighting scene and everyone talked in riddles which made the entire film tedious. the acting of Hugo Weaving was superb tho,,2025-11-03
2025-11-04,"Three Billboards Outside Ebbing, Missouri",2017,https://boxd.it/bBhVsh,4,,"The director really knows how to steer the audience’s emotions, and the violent scenes are executed with sharp precision, but the film sometimes leans so hard into moral ambiguity that it risks feeling unearned, as if complexity were being mistaken for depth",,2025-11-04
2025-11-06,The Bourne Ultimatum,2007,https://boxd.it/bBTvXz,3.5,,"Bourne the Undead. love how clean and straight-up this is: no romance, no fluff, just pure action. editing’s sharp too. feels so good to watch.",,2025-11-05
2025-11-06,Wreaths at the Foot of the Mountain,1984,https://boxd.it/bBTWZn,,,"though i dont believe in communism, this is honestly can be called a touching film ",,2025-11-05
2025-11-07,The Bourne Legacy,2012,https://boxd.it/bCI9rj,,,Cinemax,,2025-11-07
2025-11-08,Drop,2025,https://boxd.it/bDuB99,,,Cinemax meh,,2025-11-08
2025-11-09,Dallas Buyers Club,2013,https://boxd.it/bEtA53,2.5,,"2.5 this true-story thing had the potential to be great, but honestly, aside from the solid performances of two protagonists the whole thing ends up pretty bland and boring",,2025-11-09
2025-11-10,Thelma & Louise,1991,https://boxd.it/bFmxvH,3,,bold and iconic,,2025-11-10
2025-11-11,The Green Mile,1999,https://boxd.it/bG23BT,4.5,,"better than the shawshank redemption honestly. the director really knows how to tell a story. the pacing’s tight, and every actor nails their part. ",,2025-11-11
2025-11-12,Paranoid Park,2007,https://boxd.it/bGcZTB,5,,"there is a paranoid park in everyone's mind. the film's sooo american. and the music rlly fits the vibe. the use of raw DV footage, frequent exposure adjustments, and wide/close-up shots enables a nuanced portrayal of teenagers' inner thoughts: simple and blank.

it would be so cool to grow up in a small american town in the 2000s and just live as a skater in the paranoid park...
",,2025-11-11
2025-11-12,Crazy Stone,2006,https://boxd.it/bGL7e5,4,,one of the best chinese comedies.,,2025-11-12
2025-11-13,Singin' in the Rain,1952,https://boxd.it/bHlNn1,5,,what a wonderful film!,,2025-11-13
2025-11-14,Deep in the Heart,2014,https://boxd.it/bHUHI3,3,,okay,,2025-11-14
2025-11-15,Now You See Me,2013,https://boxd.it/bIo3Jb,2,,Terrible narrative. Some magic tricks are quite stunning tho.,,2025-11-15
2025-11-15,Now You See Me: Now You Don't,2025,https://boxd.it/bIy5Rh,1.5,,"Super mid. The original Horsemen now speak and act like idiots. No fancy magic tricks, just a bunch of boring chit-chat.",,2025-11-15
2025-11-19,Triangle,2009,https://boxd.it/bLxgAB,3.5,,overall good. the execution didnt match the consept tho,,2025-11-19
2025-11-22,Wild Tales,2014,https://boxd.it/bNs88R,4,,Lol,,2025-11-22
2025-11-24,City Lights,1931,https://boxd.it/bOm8av,4.5,,4.5 emotions are delicately depicted. the boxing part is fun but overall the trick design was not entirely perfect.,,2025-11-23
2025-12-14,La La Land,2016,https://boxd.it/c2GVoR,3.5,,fairly solid overall. the lighting and camera work feel very polished and confident and you can really tell it’s drawing a lot of inspiration from classic musical films.,,2025-12-14
2025-12-17,Inglourious Basterds,2009,https://boxd.it/c4Bh0t,5,,Bravo,,2025-12-16
2025-12-20,Zootopia 2,2025,https://boxd.it/c8c3sz,2,,A fancy banality,,2025-12-20
2025-12-22,Gattaca,1997,https://boxd.it/c9qJnD,4,,AGCT,,2025-12-21
2025-12-23,Don't Look Now... We're Being Shot At!,1966,https://boxd.it/caDlVh,3,,"in contrast to what Chaplin said, this film feels like a comedy in close-up and a tragedy in long shot.",,2025-12-22
2025-12-28,Rashomon,1950,https://boxd.it/cgj5D1,4.5,,how memory bends itself to protect the self,,2025-12-27
2025-12-28,Seven Samurai,1954,https://boxd.it/choNCb,5,,godlike staging and camera work. woah,,2025-12-28
2025-12-29,The Handmaiden,2016,https://boxd.it/ciFtBF,3,,ordinary story with decent cinematography,,2025-12-29
2025-12-30,Scum,1979,https://boxd.it/cjWvZ3,5,,"words are in my head but i just cant spit them out. absolutely brutal. not something you ""enjoy"" but it sticks. luv archer",,2025-12-30
2026-01-02,Elevator to the Gallows,1958,https://boxd.it/cnx7zr,4,,"first film watched in 2026.
got some flaws but as a debut film this is great. and its rlly fun to watch how things deteriorate through the butterfly effect.",,2026-01-02
2026-01-04,Oppenheimer,2023,https://boxd.it/cpzPtf,4,,Nolan's an excellent story teller. the bomb scene was truly spectacular. 3 hours long and containing huge political parts it is to some extent boring but inevitable as they make up essential parts of Oppenheimer himself.,,2026-01-03
2026-01-04,Larceny,1996,https://boxd.it/cpAqLv,2,,i rolled a dice and got this rating.,,2026-01-03
2026-01-04,Patch Adams,1998,https://boxd.it/cqVld5,2,,1 star for the film. 1 star for Robin Williams. RIP,,2026-01-04
2026-01-05,Batman Begins,2005,https://boxd.it/craRux,3,,tis alright,,2026-01-04
2026-01-06,The Room Next Door,2024,https://boxd.it/csMD33,3.5,,"the visuals are clearly the priority here, sometimes at the expense of the story. the pacing in the first half is noticeably off. martha’s death looks stunning tho and tilda swinton absolutely carries that scene.",,2026-01-05
2026-01-07,All We Imagine as Light,2024,https://boxd.it/cu4pY5,2.5,,"a side of India that is rarely depicted in films. 
overall it’s tasteful and controlled, but so lowkey that it can feel a bit monotonous: more atmospheric than engaging.

p.s. ost is great. never imagined to hear post rock in an indian movie.",,2026-01-06
2026-01-08,Burning,2018,https://boxd.it/cvebrv,4,,we need a film like this. by the end it feels less like a mystery you solved and more like something that quietly crawled under your skin. the lingering unease.,,2026-01-07
2026-01-08,Barbarian,2022,https://boxd.it/cwhdwd,3.5,,"perhaps this is the first time i got a bit sympathy for a monster. can see some cool and novel stuff here. the script isnt amazing but it’s not bad either so overall a fine horror experiment that takes risks

p.s. i’m not really into the jumpscares in this film. the sudden volume spikes with rushed aad harsh sound effects are just pretty cheap.",,2026-01-08
2026-01-09,Come and See,1985,https://boxd.it/cxiUub,5,,speechless. just come and see.,,2026-01-09
2026-01-10,The Rough House,1917,https://boxd.it/cxrtCZ,2.5,,i watched it when i was drunk. the first half is alright but then it goes messy.,,2026-01-09
2026-01-10,The Lodger: A Story of the London Fog,1927,https://boxd.it/cyv0U3,3,,"the addition of modern music in this film is one of the stupidest ideas ive ever seen in my life. fuck that. but ofc it is not Hitchcock's fault.

the shot of the lodger going down the stairs at night and view looking through the ceiling were impressive.",,2026-01-10
2026-01-11,Always Tell Your Wife,1923,https://boxd.it/czrpav,3,,only found 8min but it was fun,,2026-01-11
2026-01-11,The Mountain Eagle,1926,https://boxd.it/czrv2x,,,lost,,2026-01-11
2026-01-12,Poirot,2003,https://boxd.it/cB8aQr,3.5,,good overall. the script is rather strong and convincing,,2026-01-12
2026-01-13,The Dead,1987,https://boxd.it/cCc0AZ,3,,the last snow scene was great,,2026-01-13
2026-01-13,The Ring,1927,https://boxd.it/cCcVln,2,,kinda boring. ,,2026-01-13
2026-01-14,Holy Motors,2012,https://boxd.it/cDdyy5,4,,Carax's nostalgia ,,2026-01-14
2026-01-15,2000 Meters to Andriivka,2025,https://boxd.it/cE9Ekz,4,,'Andriivka and most of the land reclaimed during the 2023 counteroffensive was occupied by Russia again...',,2026-01-15
2026-01-15,Strangulation Blues,1980,https://boxd.it/cEenHL,2,,"‘you'll see...'
yeah but it's too dark to see a damn thing",,2026-01-15
2026-01-16,Boy Meets Girl,1984,https://boxd.it/cF5zsp,4,,"Carax really likes using static shots and dark, shadowy settings. and this film is less about love being beautiful and more about how love and desire just make things worse. the absurd ending delivered the most ""deadly"" blow to the audience.",,2026-01-16
2026-01-16,Saw 3D,2010,https://boxd.it/cF7nOx,2,,"way bloodier than the last couple entries. the traps are cool, but the gore looks pretty fake. there’s barely any story, and the ending’s kinda weak. still, fine if you’re just watching it for dumb fun.",,2026-01-16
2026-01-17,It's Not Me,2024,https://boxd.it/cG6hfD,4.5,,I wanna create smth like this in the future,,2026-01-17
2026-01-17,Jigsaw,2017,https://boxd.it/cGairX,1.5,,glad to see they didnt make up stories to bring John back to life.,,2026-01-17
2026-01-17,Saw,2003,https://boxd.it/cGaFiz,,,im not a smoker. ig im fine for now.,,2026-01-17
2026-01-18,Mauvais Sang,1986,https://boxd.it/cHk9dV,4,,"OHHH GOD LISE AND ANNA!!!


i usually don’t enjoy romance films, but this one feels fresh to me. really stylish. the two running scenes - alex on the street and anna at the end - both hit me really hard.",,2026-01-18
2026-01-19,The Lovers on the Bridge,1991,https://boxd.it/cIDCGp,3.5,,expensive,,2026-01-19
2026-01-20,The Elephant Man,1980,https://boxd.it/cJJWbH,3.5,,"here are the cons for me. throughout the film the characters feel either too good or too bad. and it kinda felt like a letdown once i realised the second half wasn’t meant to be ironic about fame at all, especially that callback where treves asks him to stand up in public. maybe i misunderstood it. but the way human society is depicted here just didnt feel very real or convincing to me. the rest is all good. not a typical of David Lynch",,2026-01-20
2026-01-22,The Seed of the Sacred Fig,2024,https://boxd.it/cKJvtX,3.5,,"the pace is splendid. the pressure just creeps in unnoticedly. but gradually it gets a bit too clear in its allegory, and the characters start to feel more like positions than real people. you get what the director’s saying and why, but some emotional complexity gets flattened which creates a bit of distance from the characters.",,2026-01-21
2026-01-22,Land,2021,https://boxd.it/cLsiK7,1.5,,uhh the only good thing about the film is the scenery. the ending kinda gives me a bit surprise but for the rest of the film... it feels terrible and immature.,,2026-01-22
2026-01-23,My Last Minute,2006,https://boxd.it/cLAriR,2.5,,"tonight.
  I stop
smoking",,2026-01-22
2026-01-24,Pola X,1999,https://boxd.it/cMsCdB,3.5,,"the last 30min raised the whole film to a higher level. no Denis Lavant or Juliette Binoche, which is kinda a shame, but it still feels very Carax.",,2026-01-23
2026-01-24,Time Still Turns the Pages,2023,https://boxd.it/cNfpOx,2.5,,it’s getting more and more pretentious.,,2026-01-24
2026-01-25,Pink Floyd: The Wall,1982,https://boxd.it/cNutAf,3,,got a somehow controversial feeling: i like pink floyd but i hate roger waters; i like the album but i felt worn out after listening through it in one go; i like those chaos but i hate smashing things; i like the idea of blending animation with reality but it ends up being messy cuz it tries too hard to cram in too many thoughts and meanings. rlly love the party scene tho.,,2026-01-24
2026-01-25,Girls Will Be Girls,2024,https://boxd.it/cOBuFD,2.5,,keys,,2026-01-25
2026-01-26,Tokyo!,2008,https://boxd.it/cPWith,3,,"3 5 1 average 3.0

Leos Carax > Michel Gondey >>> Bong Joon Ho",,2026-01-26
2026-01-27,Amadeus,1984,https://boxd.it/cR50tF,4,,i know little about Mozart and the people around him. and idk how precise these characters are despicted in this film but it does appear to be a decent adaptation from stage to cinema.,,2026-01-27
2026-01-28,The Emoji Movie,2017,https://boxd.it/cS77s3,1,,"glad that ive just wasted another 80min.

but tis not that... horrible?",,2026-01-28
2026-01-28,A Bug's Life,1998,https://boxd.it/cS7ZrN,2.5,,"the bug version of The Seven Samurai. 

ps. the end credits were funny",,2026-01-28
2026-01-29,Dances with Wolves,1990,https://boxd.it/cSaXHv,4,,long and epic with every minute worthy. one of the best western films made in the 90s. it’s honestly hard to believe this was Kevin Costner’s directorial debut.,,2026-01-28
2026-01-30,Early Spring,1956,https://boxd.it/cT6bSV,2,,mid,,2026-01-29
2026-01-30,Little Girl Blue,2023,https://boxd.it/cTUFJJ,2.5,,"sorry. that i felt it boring and even fell asleep once... but quite a novel form, and indeed they performed well.",,2026-01-30
2026-01-31,The Passengers of the Night,2022,https://boxd.it/cUSjan,3.5,,"there’s a tranquil beauty to it all: Paris, the ambient music, the camcorder-style footage, the quiet pull of kinship, and it makes the film’s brief lapses into immaturity feel almost forgivable.",,2026-01-31
2026-02-01,Greedy People,2024,https://boxd.it/cVVx5h,2.5,,well it’s always harder to land a convincing and satisfying ending than to open with something intriguing.,,2026-02-01
2026-02-01,Hymn to Merde,2009,https://boxd.it/cW2hFR,2.5,,lol just wandering,,2026-02-01
2026-02-03,Marshland,2014,https://boxd.it/cXjd1r,2.5,,average narrative but the creepy vibe is kinda impressive,,2026-02-02
2026-02-03,No Other Land,2024,https://boxd.it/cXTp7j,3.5,,the democratisation of media gives truth wings yet leaves it powerless on arrival. and we can never truly feel the raw pain of losing a home even if we’ve been allowed to look in from very close.,,2026-02-03
2026-02-04,100 Flowers Hidden Deep,2002,https://boxd.it/cYbtZZ,4,,allegorical nostalgia in beijing,,2026-02-03
2026-02-04,Skyscraper Live,2026,https://boxd.it/cYbVyx,3,,watched in school. he handled it with real finesse. and cool cityscape.,,2026-02-03
2026-02-04,Windowlicker,2020,https://boxd.it/cYd1T9,4,,APHEX TWIN AWWWWWWW (tho ik this is not the one),,2026-02-03
2026-02-04,The Secret Garden,1993,https://boxd.it/cYZvIB,4,,"typically children’s films do not move me, yet this one carries such a calm and unforced grace that i felt wholly transported as though i were already standing in that garden breathing its quiet and scent.",,2026-02-04
2026-02-05,A Traveler's Needs,2024,https://boxd.it/cZQjNv,2,,plain and spot-on. stifling and awkward.,,2026-02-05
2026-02-05,Bean Cake,2001,https://boxd.it/cZSoGX,3,,[800th] a work of students in USC,,2026-02-05
2026-02-06,Conclave,2024,https://boxd.it/d0HRnn,2,,the story could have been told much better. sorry Ralph.,,2026-02-06
2026-02-08,The Outrun,2024,https://boxd.it/d1FuVL,2.5,,"alcohol and electronic music (mainly techno) form the film’s throughline, but the director’s narrative approach didn’t quite work for me. there are genuinely promising ideas, yet they’re quickly occluded by a rather anaemic dramatic progression. still, certain moments cut through with real force, especially Rona’s nightclub unravelling, with its doubled afterimages and vehement editing, and the final image of her dancing into the oncoming surf. the Orkney Islands, too, are stunning.",,2026-02-07
2026-02-09,Taxi Driver,1976,https://boxd.it/d2M3Zf,4,,it was meant to be a tragedy but it turned out as a comedy. who is the joke?,,2026-02-08
2026-02-09,Annette,2021,https://boxd.it/d3HERr,4.5,,ingenious work. hate seeing ppl around keep mentioning other musical films just for comparison. stop. they are unique.,,2026-02-09
2026-02-10,The Trip to Squash Land,1967,https://boxd.it/d4sBQ5,2.5,,The guy who made this was 11 at the time,,2026-02-10
2026-02-10,Why Try to Escape from That Which You Know You Can't Escape From? Because You Are a Coward,1970,https://boxd.it/d4sZJR,3.5,,"mesmerising. it's true, great directors spend their careers elaborating on their early works.",,2026-02-10
2026-02-10,A Flower,1971,https://boxd.it/d4t9Mr,2,,silhouettes,,2026-02-10
2026-02-11,The Element of Crime,1984,https://boxd.it/d5f4id,4.5,,like an over humid darkroom turned into a psychic panopticon where the dirty air never clears and the sepia light never relents it tightens its cords around a mind in slow attrition as the past keeps bleeding into the present and hypnosis keeps blurring into confession and other people’s experience becomes a borrowed bloodstream and vicarious projection becomes a second skin until the dream will not lift and the sheets will not dry and the outside observer is no longer outside but is drawn inward with a dull throbbing in the skull and a swimming vertigo behind the eyes and a nauseous compulsion that cannot be named and cannot be discharged and cannot find any exit except deeper into the same spell.,profile,2026-02-11
2026-02-12,Radio Days,1987,https://boxd.it/d61cSJ,4,,"as someone born near the tail end of gen z, i have to admit i’m drawn to the old days, when people weren’t constantly rattled by phones and social media, and could actually unwind by tuning in to the radio, this mesmerising little device that somehow pulled a war-scattered world a bit closer again. and i’m not sure, kind of uneasily, whether one day i’ll grow old and my memories of my youth will turn into their own nostalgia, pushing me to make something similar, stuffed with the music i loved on loop, trying to hold on to things whose value i still haven’t fully learned to see.",profile,2026-02-12
2026-02-14,Look Back,2024,https://boxd.it/d6Pcfd,2.5,,"moving, with deft storyboarding, yet oddly breathless in its pacing.",,2026-02-13
2026-02-15,The Blair Witch Project,1999,https://boxd.it/d7Hoe5,2.5,,besides this u should also see how this film was made.,,2026-02-14
2026-02-15,Wind,1996,https://boxd.it/d7I2Kb,4,Yes,rewatched to sink back into some sadness and calm.,,2026-02-14
2026-02-16,Epidemic,1987,https://boxd.it/d8NIWH,2.5,,"thanks i slept well.

",,2026-02-15
2026-02-16,Last Train Home,2009,https://boxd.it/d9UMDR,2.5,,suffocating,,2026-02-16
2026-02-18,The Name of the Rose,1986,https://boxd.it/db2zL9,3,,mediocre stories with mediocre directing. but the props feel real and it is actually quite fun to watch.,,2026-02-17
2026-02-25,Beau Is Afraid,2023,https://boxd.it/dhNNqH,2,,cool but i dont like it,,2026-02-24
2026-02-25,Europa,1991,https://boxd.it/dixVmb,4.5,,"You will now listen to my voice. My voice will help you and guide you still deeper into Europa. Every time you hear my voice, with every word and every number, you will enter into a still deeper layer, open, relaxed and receptive. I shall now count from one to ten. On the count of ten, you will be in Europa. I say: one. And as your focus and attention are entirely on my voice, you will slowly begin to relax. Two, your hands and your fingers are getting warmer and heavier. Three, the warmth is spreading through your arms, to your shoulders and your neck. Four, your feet and your legs get heavier. Five, the warmth is spreading to the whole of your body. On six, I want you to go deeper. I say: six. And the whole of your relaxed body is slowly beginning to sink. Seven, you go deeper and deeper and deeper. Eight, on every breath you take, you go deeper. Nine, you are floating. On the mental count of ten, you will be in Europa. Be there at ten. I say: ten.",,2026-02-25
2026-02-27,Medea,1988,https://boxd.it/djkb6p,3.5,,Gift means poison in German.,,2026-02-26
