Date,Name,Year,Letterboxd URI
2025-12-30,The Poughkeepsie Tapes,2007,https://boxd.it/162y
2025-12-30,Permanent Vacation,1980,https://boxd.it/171c
2025-12-30,Los Muertos,2004,https://boxd.it/1b0C
2025-12-30,The Swimmer,1968,https://boxd.it/1ffG
2025-12-30,Mr. Nobody,2009,https://boxd.it/1k44
2025-12-30,The Rest Is Silence,2007,https://boxd.it/1nEY
2025-12-30,The Filth and the Fury,2000,https://boxd.it/1r46
2025-12-30,Gerry,2002,https://boxd.it/27LG
2025-12-30,Strangers on a Train,1951,https://boxd.it/29tk
2025-12-30,Duel,1971,https://boxd.it/29ui
2025-12-30,Night on Earth,1991,https://boxd.it/2ayq
2025-12-30,Rebel Without a Cause,1955,https://boxd.it/2aQu
2025-12-30,Copkiller,1983,https://boxd.it/2ei2
2025-12-30,Only Lovers Left Alive,2013,https://boxd.it/4O1U
2025-12-30,Creep,2014,https://boxd.it/7l4c
2025-12-30,Leviathan,2014,https://boxd.it/7Ub8
2025-12-30,Jauja,2014,https://boxd.it/7Wn6
2025-12-30,Paterson,2016,https://boxd.it/cRk2
2025-12-30,Creep 2,2017,https://boxd.it/dSEO
2025-12-30,Liberté,2019,https://boxd.it/lXB2
2025-12-30,The Virtues,2019,https://boxd.it/meja
2025-12-30,Boiling Point,2021,https://boxd.it/uo2u
2025-12-30,Dexter: New Blood,2021,https://boxd.it/yRnO
2025-12-30,I’m Glad You’re Dead Now,2025,https://boxd.it/UyEg
2025-12-30,Ariel,1988,https://boxd.it/73K
2025-12-30,Blood,1989,https://boxd.it/MeY
2025-12-30,Day of Wrath,1943,https://boxd.it/ZtM
2025-12-30,The Transgressor,1974,https://boxd.it/1300
2025-12-30,Kisses,2008,https://boxd.it/1eve
2025-12-30,Lake Mungo,2008,https://boxd.it/1rWM
2025-12-30,Harvie Krumpet,2003,https://boxd.it/1Cp0
2025-12-30,This Is Spinal Tap,1984,https://boxd.it/1UOs
2025-12-30,The Last Laugh,1924,https://boxd.it/22es
2025-12-30,Rapture,1979,https://boxd.it/24f8
2025-12-30,The Treasure of the Sierra Madre,1948,https://boxd.it/25Lk
2025-12-30,Knockin' on Heaven's Door,1997,https://boxd.it/2aZQ
2025-12-30,Flights in Dreams and in Reality,1983,https://boxd.it/2VSs
2025-12-30,In Vanda's Room,2000,https://boxd.it/36r8
2025-12-30,Dream Work,2001,https://boxd.it/4ASA
2025-12-30,T2 Trainspotting,2017,https://boxd.it/5vTA
2025-12-30,Tras-os-Montes,1976,https://boxd.it/5Fly
2025-12-30,The Effect of Love,2007,https://boxd.it/9r9m
2025-12-30,The Academy of Muses,2015,https://boxd.it/bU82
2025-12-30,Hush,2016,https://boxd.it/d5ys
2025-12-30,Vitalina Varela,2019,https://boxd.it/gMWo
2025-12-30,The Chaplin Revue,1959,https://boxd.it/khF0
2025-12-30,New Order,2020,https://boxd.it/l8cg
2025-12-30,"It's Never Over, Jeff Buckley",2025,https://boxd.it/RSnI
2025-12-30,Closet Land,1991,https://boxd.it/jTy
2025-12-30,El Sur,1983,https://boxd.it/JbM
2025-12-30,The Banishment,2007,https://boxd.it/1wk4
2025-12-30,Stop Making Sense,1984,https://boxd.it/1ygo
2025-12-30,Cremaster 1,1996,https://boxd.it/1yzg
2025-12-30,Dimensions of Dialogue,1983,https://boxd.it/1FPq
2025-12-30,The Battle of Algiers,1966,https://boxd.it/1IRY
2025-12-30,The Thin Blue Line,1988,https://boxd.it/1OnK
2025-12-30,Death of a Salesman,1985,https://boxd.it/1Rzu
2025-12-30,The Spirit of the Beehive,1973,https://boxd.it/24eY
2025-12-30,Dawn of the Dead,1978,https://boxd.it/29gU
2025-12-30,The Terminator,1984,https://boxd.it/2aQY
2025-12-30,The Dictator,2012,https://boxd.it/2DEW
2025-12-30,This Is Not a Film,2011,https://boxd.it/2W4o
2025-12-30,Butterfly Wings,1991,https://boxd.it/37H2
2025-12-30,"As I Was Moving Ahead, Occasionally I Saw Brief Glimpses of Beauty",2000,https://boxd.it/4gcu
2025-12-30,A Field in England,2013,https://boxd.it/5tmk
2025-12-30,The Look of Silence,2014,https://boxd.it/8006
2025-12-30,Tower,2016,https://boxd.it/dg60
2025-12-30,Bad Genius,2017,https://boxd.it/ggpM
2025-12-30,First Reformed,2017,https://boxd.it/go9C
2025-12-30,"This Is Not a Burial, It's a Resurrection",2019,https://boxd.it/mRiA
2025-12-30,Kandahar,2023,https://boxd.it/qTWU
2025-12-30,The Dog Stars,2026,https://boxd.it/RfZI
2025-12-30,Kontinental '25,2025,https://boxd.it/SdKo
2025-12-30,The Dust of Time,2008,https://boxd.it/AFI
2025-12-30,Rock 'n' Roll High School,1979,https://boxd.it/1u6k
2025-12-30,Noroi: The Curse,2005,https://boxd.it/1BN6
2025-12-30,Hour of the Wolf,1968,https://boxd.it/1H9G
2025-12-30,Shutter,2004,https://boxd.it/1JbY
2025-12-30,Creepshow,1982,https://boxd.it/1KqU
2025-12-30,The Return of the Living Dead,1985,https://boxd.it/1V3W
2025-12-30,Henry: Portrait of a Serial Killer,1986,https://boxd.it/1VCM
2025-12-30,Night of the Living Dead,1968,https://boxd.it/1WwA
2025-12-30,Funny Games,1997,https://boxd.it/1WKM
2025-12-30,Jeepers Creepers,2001,https://boxd.it/1ZAg
2025-12-30,Prince of Darkness,1987,https://boxd.it/1ZKq
2025-12-30,Christine,1983,https://boxd.it/1ZRQ
2025-12-30,Ring,1998,https://boxd.it/26tw
2025-12-30,Death at a Funeral,2007,https://boxd.it/27dO
2025-12-30,Poltergeist,1982,https://boxd.it/2a0o
2025-12-30,The Ring,2002,https://boxd.it/2a70
2025-12-30,Scarface,1983,https://boxd.it/2b7g
2025-12-30,Saint Laurent,2014,https://boxd.it/6zHA
2025-12-30,They Look Like People,2015,https://boxd.it/aAEg
2025-12-30,The Autopsy of Jane Doe,2016,https://boxd.it/dUu2
2025-12-30,Bugonia,2025,https://boxd.it/qeWY
2025-12-30,Hamnet,2025,https://boxd.it/woVy
2025-12-30,Dead Man's Wire,2025,https://boxd.it/M8wu
2025-12-30,A Swedish Love Story,1970,https://boxd.it/1joi
2025-12-30,Basket Case,1982,https://boxd.it/1qV4
2025-12-30,Pulse,2001,https://boxd.it/1s3y
2025-12-30,My Father and My Son,2005,https://boxd.it/1QgQ
2025-12-30,Palindromes,2004,https://boxd.it/1QUc
2025-12-30,Calvaire,2004,https://boxd.it/1ROk
2025-12-30,Dead End,2003,https://boxd.it/1TRK
2025-12-30,Jeepers Creepers 2,2003,https://boxd.it/1U3Q
2025-12-30,Death in Venice,1971,https://boxd.it/21tm
2025-12-30,In the Mouth of Madness,1994,https://boxd.it/26vi
2025-12-30,I Stand Alone,1998,https://boxd.it/28Au
2025-12-30,The Imposter,2012,https://boxd.it/2Ya4
2025-12-30,The Killing of America,1981,https://boxd.it/3iVE
2025-12-30,6/64: Mom and Dad (An Otto Mühl Happening),1964,https://boxd.it/4Gow
2025-12-30,Tale of Tales,2015,https://boxd.it/a89u
2025-12-30,Hardcore Henry,2015,https://boxd.it/aAIM
2025-12-30,It Comes at Night,2017,https://boxd.it/eLuk
2025-12-30,Saint Maud,2019,https://boxd.it/l8QA
2025-12-30,Host,2020,https://boxd.it/r5O4
2025-12-30,Smile,2022,https://boxd.it/xjfE
2025-12-30,Skinamarink,2022,https://boxd.it/ByDO
2025-12-30,Talk to Me,2022,https://boxd.it/C6uQ
2025-12-30,Reflection in a Dead Diamond,2025,https://boxd.it/CjmU
2025-12-30,The Belief,,https://boxd.it/Ny4S
2025-12-30,"My Son, My Son, What Have Ye Done",2009,https://boxd.it/SZ2
2025-12-30,Berlin Calling,2008,https://boxd.it/1lbq
2025-12-30,Insomnia,1997,https://boxd.it/1txk
2025-12-30,Disco Pigs,2001,https://boxd.it/1uw8
2025-12-30,Falkenberg Farewell,2006,https://boxd.it/1vvU
2025-12-30,What We Do Is Secret,2007,https://boxd.it/1J8K
2025-12-30,Brothers of the Head,2005,https://boxd.it/1K74
2025-12-30,Prozac Nation,2001,https://boxd.it/1KxG
2025-12-30,Troubled Water,2008,https://boxd.it/1KPK
2025-12-30,Thirteen,2003,https://boxd.it/1UPK
2025-12-30,Dear Wendy,2005,https://boxd.it/1V5I
2025-12-30,"Girl, Interrupted",1999,https://boxd.it/25ds
2025-12-30,Begotten,1989,https://boxd.it/28Ie
2025-12-30,The Blue Bird,1918,https://boxd.it/2rp6
2025-12-30,Visions of Suffering,2006,https://boxd.it/3abS
2025-12-30,A Pigeon Sat on a Branch Reflecting on Existence,2014,https://boxd.it/3Ifa
2025-12-30,"Hi, Tereska",2001,https://boxd.it/4BzE
2025-12-30,It Follows,2014,https://boxd.it/87wo
2025-12-30,Heaven Knows What,2014,https://boxd.it/8P1a
2025-12-30,Super Dark Times,2017,https://boxd.it/dTle
2025-12-30,To the Bone,2017,https://boxd.it/e5AK
2025-12-30,The Miseducation of Cameron Post,2018,https://boxd.it/f6B2
2025-12-30,I'm Thinking of Ending Things,2020,https://boxd.it/i4IQ
2025-12-30,Pink Moon,2022,https://boxd.it/AqEC
2025-12-30,Andrey Iskanov's Visions of Suffering (Final Director's Cut),2016,https://boxd.it/TuwA
2025-12-30,A Gentle Woman,1969,https://boxd.it/qSM
2025-12-30,Permanent Record,1988,https://boxd.it/BFu
2025-12-30,It's Kind of a Funny Story,2010,https://boxd.it/Tfa
2025-12-30,Memories,1995,https://boxd.it/Vz2
2025-12-30,The Brood,1979,https://boxd.it/1ovS
2025-12-30,Brain Damage,1988,https://boxd.it/1qUU
2025-12-30,Man on the Train,2002,https://boxd.it/1BaI
2025-12-30,Freddy Got Fingered,2001,https://boxd.it/1QGk
2025-12-30,House of 1000 Corpses,2003,https://boxd.it/26uE
2025-12-30,Re-Animator,1985,https://boxd.it/28hM
2025-12-30,"Oslo, August 31st",2011,https://boxd.it/2xQC
2025-12-30,My Suicide,2009,https://boxd.it/2QBw
2025-12-30,V/H/S,2012,https://boxd.it/2Y1c
2025-12-30,Suture,1993,https://boxd.it/36oS
2025-12-30,Samsara,2011,https://boxd.it/3ada
2025-12-30,Twilight,1990,https://boxd.it/3Igi
2025-12-30,Fetus,2008,https://boxd.it/4rMo
2025-12-30,Short Peace,2013,https://boxd.it/7oPq
2025-12-30,The Club,2015,https://boxd.it/amQC
2025-12-30,In Safe Hands,2018,https://boxd.it/hCR6
2025-12-30,Pity,2018,https://boxd.it/hDNY
2025-12-30,Roots,1987,https://boxd.it/mJ5S
2025-12-30,Pieces of a Woman,2020,https://boxd.it/nOrQ
2025-12-30,The Fallout,2021,https://boxd.it/tViI
2025-12-30,The Sower of Stars,2022,https://boxd.it/yVw6
2025-12-30,964 Pinocchio,1991,https://boxd.it/EhA
2025-12-30,Tinker Tailor Soldier Spy,2011,https://boxd.it/FRY
2025-12-30,Red White & Blue,2010,https://boxd.it/YqM
2025-12-30,Poultrygeist: Night of the Chicken Dead,2006,https://boxd.it/1ISi
2025-12-30,Slacker,1990,https://boxd.it/1OUu
2025-12-30,United 93,2006,https://boxd.it/1XHY
2025-12-30,Martyrs,2008,https://boxd.it/1Yqu
2025-12-30,Cannibal Holocaust,1980,https://boxd.it/1ZWQ
2025-12-30,Journey to Italy,1954,https://boxd.it/26o2
2025-12-30,The Bridge on the River Kwai,1957,https://boxd.it/29wo
2025-12-30,Repentance,1984,https://boxd.it/3lRg
2025-12-30,Family Saga,2006,https://boxd.it/3xGu
2025-12-30,The Plea,1967,https://boxd.it/4JDO
2025-12-30,Visceral: Between the Ropes of Madness,2012,https://boxd.it/6OJQ
2025-12-30,Nightcrawler,2014,https://boxd.it/780m
2025-12-30,Perseveration,2013,https://boxd.it/aFDM
2025-12-30,Her Name Was Torment II: Agony,2016,https://boxd.it/boHa
2025-12-30,Deep Web XXX,2018,https://boxd.it/fBcM
2025-12-30,The Golden Glove,2019,https://boxd.it/ih9k
2025-12-30,The Corpse Grinders,2025,https://boxd.it/meim
2025-12-30,The Damned Angels,2009,https://boxd.it/oig4
2025-12-30,Mad God,2021,https://boxd.it/vVPm
2025-12-30,The Star,2002,https://boxd.it/ucA
2025-12-30,Live Forever,2003,https://boxd.it/uCS
2025-12-30,The Wrong Man,1956,https://boxd.it/1AqK
2025-12-30,Leningrad Cowboys Go America,1989,https://boxd.it/1TLs
2025-12-30,Network,1976,https://boxd.it/1VqG
2025-12-30,Those Magnificent Men in Their Flying Machines or How I Flew from London to Paris in 25 Hours 11 Minutes,1965,https://boxd.it/1Wvs
2025-12-30,The Passenger,1975,https://boxd.it/1Y8q
2025-12-30,Fitzcarraldo,1982,https://boxd.it/1YV8
2025-12-30,Visions of Europe,2004,https://boxd.it/1Zro
2025-12-30,The Tree of Life,2011,https://boxd.it/1Zu8
2025-12-30,Badlands,1973,https://boxd.it/25Fm
2025-12-30,Who Saw Him Die?,1968,https://boxd.it/43hm
2025-12-30,Kinoautomat,1967,https://boxd.it/4h5Y
2025-12-30,Farewell,1983,https://boxd.it/4sYU
2025-12-30,The Kirishima Thing,2012,https://boxd.it/5nry
2025-12-30,The Wailing,2016,https://boxd.it/9fLy
2025-12-30,"25 from the Sixties, or The Czechoslovak New Wave",2010,https://boxd.it/a57g
2025-12-30,Victoria,2015,https://boxd.it/amSe
2025-12-30,We Are X,2016,https://boxd.it/d56I
2025-12-30,Supersonic,2016,https://boxd.it/eyzG
2025-12-30,The Night Fernando Pessoa Met Constantine Cavafy,2008,https://boxd.it/imqK
2025-12-30,Play,2019,https://boxd.it/jYC2
2025-12-30,Drive My Car,2021,https://boxd.it/sv94
2025-12-30,Sugar Glass Bottle,2022,https://boxd.it/wazy
2025-12-30,Ecstasy,1933,https://boxd.it/Vee
2025-12-30,Julien Donkey-Boy,1999,https://boxd.it/VNI
2025-12-30,The Last of England,1987,https://boxd.it/Y4c
2025-12-30,Falling Down,1993,https://boxd.it/194M
2025-12-30,September,2007,https://boxd.it/1gTM
2025-12-30,Imagine: John Lennon,1988,https://boxd.it/1tiY
2025-12-30,Kurt Cobain: About a Son,2006,https://boxd.it/1vre
2025-12-30,Fish Tank,2009,https://boxd.it/1xBg
2025-12-30,Awaydays,2009,https://boxd.it/1Bds
2025-12-30,Seconds,1966,https://boxd.it/1Dbe
2025-12-30,Sid and Nancy,1986,https://boxd.it/1N6e
2025-12-30,Somers Town,2008,https://boxd.it/1OlO
2025-12-30,Hedwig and the Angry Inch,2001,https://boxd.it/1Qfe
2025-12-30,24 Hour Party People,2002,https://boxd.it/26nI
2025-12-30,2:37,2006,https://boxd.it/27i0
2025-12-30,Velvet Goldmine,1998,https://boxd.it/2878
2025-12-30,School of Rock,2003,https://boxd.it/28xK
2025-12-30,Searching for Sugar Man,2012,https://boxd.it/2Y3s
2025-12-30,Stoker,2013,https://boxd.it/34S2
2025-12-30,Cobain: Montage of Heck,2015,https://boxd.it/akuY
2025-12-30,An Officer and a Spy,2019,https://boxd.it/dZbE
2025-12-30,Game Night,2018,https://boxd.it/fRtu
2025-12-30,Bombshell: The Hedy Lamarr Story,2017,https://boxd.it/ggim
2025-12-30,Summer,2021,https://boxd.it/vON4
2025-12-30,The Small Town,1997,https://boxd.it/zO0
2025-12-30,Happy End,1967,https://boxd.it/B4o
2025-12-30,Dead Mountaineer's Hotel,1979,https://boxd.it/M16
2025-12-30,A Moment of Innocence,1996,https://boxd.it/T6W
2025-12-30,The Human Centipede (First Sequence),2009,https://boxd.it/18Tu
2025-12-30,Opening Night,1977,https://boxd.it/1f4e
2025-12-30,Adela Has Not Had Supper Yet,1978,https://boxd.it/1E52
2025-12-30,I Served the King of England,2006,https://boxd.it/1RIw
2025-12-30,And the Ship Sails On,1983,https://boxd.it/22RO
2025-12-30,The Experiment,2001,https://boxd.it/2a5I
2025-12-30,Zerograd,1988,https://boxd.it/2z6w
2025-12-30,Ten Minutes Older: The Cello,2002,https://boxd.it/2LO6
2025-12-30,Beyond the Hills,2012,https://boxd.it/3wOs
2025-12-30,King of the Children,1987,https://boxd.it/4HQQ
2025-12-30,Sorrows and Joys of a Middle-Aged Man,1949,https://boxd.it/5pRe
2025-12-30,The Count of Monte Cristo Part 1 - The Prisoner of Kastell,1943,https://boxd.it/5RaW
2025-12-30,Roaring Across the Horizon,1999,https://boxd.it/czjK
2025-12-30,The Harms Case,1987,https://boxd.it/dlRq
2025-12-30,Goodbye Berlin,2016,https://boxd.it/dpb4
2025-12-30,I Saw the TV Glow,2024,https://boxd.it/woVe
2025-12-30,The Count of Monte Cristo,2024,https://boxd.it/F1Nk
2025-12-30,Sirāt,2025,https://boxd.it/HxJo
2025-12-30,A Whole Life,2023,https://boxd.it/HXxS
2025-12-30,Silent Friend,2025,https://boxd.it/IiEg
2025-12-30,No Dogs Allowed,2024,https://boxd.it/PJaw
2025-12-30,Submarine,2010,https://boxd.it/H4a
2025-12-30,Ratcatcher,1999,https://boxd.it/1mSg
2025-12-30,Scott Pilgrim vs. the World,2010,https://boxd.it/1Aq6
2025-12-30,Body Heat,1981,https://boxd.it/1O9S
2025-12-30,Altered States,1980,https://boxd.it/1TBi
2025-12-30,Dazed and Confused,1993,https://boxd.it/1Ylk
2025-12-30,Wendy and Lucy,2008,https://boxd.it/1Zx2
2025-12-30,Love at Twenty,1962,https://boxd.it/1ZRc
2025-12-30,The Virgin Suicides,1999,https://boxd.it/28JG
2025-12-30,Almost Famous,2000,https://boxd.it/29CQ
2025-12-30,Shaun of the Dead,2004,https://boxd.it/29J8
2025-12-30,We Need to Talk About Kevin,2011,https://boxd.it/2pTS
2025-12-30,The Perks of Being a Wallflower,2012,https://boxd.it/2ZA8
2025-12-30,Honour of the Knights,2006,https://boxd.it/31vY
2025-12-30,The Kings of Summer,2013,https://boxd.it/4V3e
2025-12-30,The Dirties,2013,https://boxd.it/4ZGa
2025-12-30,My Memories of Old Beijing,1983,https://boxd.it/5SKw
2025-12-30,All These Sleepless Nights,2016,https://boxd.it/d55U
2025-12-30,The Edge of Seventeen,2016,https://boxd.it/d5nu
2025-12-30,Lady Bird,2017,https://boxd.it/dGNE
2025-12-30,mid90s,2018,https://boxd.it/fxIa
2025-12-30,Frankenstein,2025,https://boxd.it/Ecsg
2025-12-30,The Skin I Live In,2011,https://boxd.it/99A
2025-12-30,The Strange Case of Angelica,2010,https://boxd.it/wCU
2025-12-30,Seven Up!,1964,https://boxd.it/AnE
2025-12-30,Biutiful,2010,https://boxd.it/OiI
2025-12-30,Land and Freedom,1995,https://boxd.it/14Xi
2025-12-30,Maigret Sets a Trap,1958,https://boxd.it/18iI
2025-12-30,The Devils,1971,https://boxd.it/1inI
2025-12-30,Like Minds,2006,https://boxd.it/1LFG
2025-12-30,Wristcutters: A Love Story,2006,https://boxd.it/1QBY
2025-12-30,Bullets Over Broadway,1994,https://boxd.it/1TYQ
2025-12-30,Stay,2005,https://boxd.it/20BE
2025-12-30,Sonatine,1993,https://boxd.it/20TI
2025-12-30,Dr. Jekyll and Mr. Hyde,1931,https://boxd.it/25VO
2025-12-30,Lights in the Dusk,2006,https://boxd.it/28Se
2025-12-30,A Doll's House,1973,https://boxd.it/2E3W
2025-12-30,Stalled,2013,https://boxd.it/5eTI
2025-12-30,Metalhead,2013,https://boxd.it/6p3g
2025-12-30,Split,2016,https://boxd.it/dgSy
2025-12-30,The Image Book,2018,https://boxd.it/eBse
2025-12-30,Columbus,2017,https://boxd.it/eCuA
2025-12-30,"Farewell, Mr. Haffmann",2021,https://boxd.it/oXSy
2025-12-30,A Hero,2021,https://boxd.it/p2zw
2025-12-30,Dancer in the Dark,2000,https://boxd.it/71E
2025-12-30,The Animatrix,2003,https://boxd.it/qH0
2025-12-30,Uncle Boonmee Who Can Recall His Past Lives,2010,https://boxd.it/168Q
2025-12-30,Electroma,2006,https://boxd.it/1PYi
2025-12-30,Star Trek,2009,https://boxd.it/1Q6c
2025-12-30,The Postman,1994,https://boxd.it/1URG
2025-12-30,The Gods Must Be Crazy,1980,https://boxd.it/20eq
2025-12-30,The Boondock Saints,1999,https://boxd.it/20gw
2025-12-30,Idiocracy,2006,https://boxd.it/20RW
2025-12-30,Blow,2001,https://boxd.it/24Mm
2025-12-30,Total Recall,1990,https://boxd.it/29qK
2025-12-30,Face/Off,1997,https://boxd.it/29I0
2025-12-30,Tron,1982,https://boxd.it/2b9w
2025-12-30,Anatomy of a Murder,1959,https://boxd.it/2baa
2025-12-30,God Bless America,2011,https://boxd.it/2Bji
2025-12-30,Voices Through Time,1996,https://boxd.it/64Lc
2025-12-30,At the First Breath of Wind,2002,https://boxd.it/6x2U
2025-12-30,Sound of Metal,2019,https://boxd.it/i7Q4
2025-12-30,Maareesan,2025,https://boxd.it/CEwQ
2025-12-30,The Coffee Table,2022,https://boxd.it/DY2e
2025-12-30,Strange Harvest,2024,https://boxd.it/OLZk
2025-12-30,The Four Times,2010,https://boxd.it/mPa
2025-12-30,100 Tears,2007,https://boxd.it/1qeE
2025-12-30,Pat Garrett & Billy the Kid,1973,https://boxd.it/1TvE
2025-12-30,Mysterious Skin,2004,https://boxd.it/1UsG
2025-12-30,Bound,1996,https://boxd.it/1Z1g
2025-12-30,Meet the Feebles,1989,https://boxd.it/20tK
2025-12-30,It Happened One Night,1934,https://boxd.it/25Ng
2025-12-30,Short Cuts,1993,https://boxd.it/29Nk
2025-12-30,The Outsiders,1983,https://boxd.it/2aPw
2025-12-30,Minority Report,2002,https://boxd.it/2aWi
2025-12-30,Lawrence of Arabia,1962,https://boxd.it/2wRE
2025-12-30,Shame,2011,https://boxd.it/2CxU
2025-12-30,Guilty of Romance,2011,https://boxd.it/2OAQ
2025-12-30,Cloud Atlas,2012,https://boxd.it/2W60
2025-12-30,Inside Llewyn Davis,2013,https://boxd.it/34Ro
2025-12-30,The White Meadows,2009,https://boxd.it/3nYS
2025-12-30,The Man Who Sleeps,1974,https://boxd.it/3xwE
2025-12-30,Still Life,1974,https://boxd.it/6mO4
2025-12-30,The Salt of the Earth,2014,https://boxd.it/7Uyc
2025-12-30,Hamilton,2020,https://boxd.it/kmvE
2025-12-30,No Other Choice,2025,https://boxd.it/nKiA
2025-12-30,The Life of Chuck,2024,https://boxd.it/vMTu
2025-12-30,Vore Gore,2021,https://boxd.it/xjFM
2025-12-30,Sleep Furiously,2008,https://boxd.it/QRU
2025-12-30,Haze,2005,https://boxd.it/1uAu
2025-12-30,Polytechnique,2009,https://boxd.it/1AMG
2025-12-30,Dead Man's Shoes,2004,https://boxd.it/1R6C
2025-12-30,Maverick,1994,https://boxd.it/1YSI
2025-12-30,The Constant Gardener,2005,https://boxd.it/27HE
2025-12-30,Tyrannosaur,2011,https://boxd.it/2DUA
2025-12-30,22 July,2018,https://boxd.it/h10E
2025-12-30,Yesterday,2019,https://boxd.it/iF7M
2025-12-30,Another Round,2020,https://boxd.it/lkba
2025-12-30,The Metamorphosis of Birds,2020,https://boxd.it/oJsw
2025-12-30,A Night of Knowing Nothing,2021,https://boxd.it/vBUw
2025-12-30,Close,2022,https://boxd.it/y4qa
2025-12-30,Tori and Lokita,2022,https://boxd.it/yqmO
2025-12-30,Love According to Dalva,2022,https://boxd.it/AajS
2025-12-30,The Last Year of Darkness,2023,https://boxd.it/FjYU
2025-12-30,Bring Her Back,2025,https://boxd.it/Hxlc
2025-12-30,Together,2025,https://boxd.it/LdFE
2025-12-30,Tickets,2005,https://boxd.it/n9E
2025-12-30,Chocolat,1988,https://boxd.it/Y7g
2025-12-30,One Hundred Steps,2000,https://boxd.it/1nrq
2025-12-30,All About Lily Chou-Chou,2001,https://boxd.it/1JP0
2025-12-30,Midnight Run,1988,https://boxd.it/1ZnQ
2025-12-30,"The Cook, the Thief, His Wife & Her Lover",1989,https://boxd.it/20VO
2025-12-30,Jellyfish,2007,https://boxd.it/21Ki
2025-12-30,Bram Stoker's Dracula,1992,https://boxd.it/223a
2025-12-30,The Baby of Mâcon,1993,https://boxd.it/23qu
2025-12-30,The Discreet Charm of the Bourgeoisie,1972,https://boxd.it/2440
2025-12-30,Vanilla Sky,2001,https://boxd.it/27TK
2025-12-30,Barton Fink,1991,https://boxd.it/2aFQ
2025-12-30,North Sea Texas,2011,https://boxd.it/3s8W
2025-12-30,The Green Inferno,2013,https://boxd.it/5hE2
2025-12-30,A Spell to Ward Off the Darkness,2013,https://boxd.it/6jIW
2025-12-30,Tangerines,2013,https://boxd.it/71vM
2025-12-30,I Origins,2014,https://boxd.it/7aRM
2025-12-30,Who Am I,2014,https://boxd.it/8ND2
2025-12-30,Marrowbone,2017,https://boxd.it/dZVC
2025-12-30,Good Time,2017,https://boxd.it/fcFu
2025-12-30,Uncut Gems,2019,https://boxd.it/gXGc
2025-12-30,Swan Song,2021,https://boxd.it/sL7S
2025-12-30,The Teachers' Lounge,2023,https://boxd.it/BINY
2025-12-30,Strange Gardens,2003,https://boxd.it/C0s
2025-12-30,Live Aid,1985,https://boxd.it/R0i
2025-12-30,Ten Minutes Older: The Trumpet,2002,https://boxd.it/1yW0
2025-12-30,"Welcome, or No Trespassing",1964,https://boxd.it/1CL6
2025-12-30,Meeting People Is Easy,1998,https://boxd.it/1FdQ
2025-12-30,The Aerial,2007,https://boxd.it/1Qq2
2025-12-30,Chopper,2000,https://boxd.it/1YtI
2025-12-30,Kids,1995,https://boxd.it/1YUY
2025-12-30,Ken Park,2002,https://boxd.it/21b8
2025-12-30,Adaptation.,2002,https://boxd.it/26mA
2025-12-30,"I, Robot",2004,https://boxd.it/27y8
2025-12-30,Monty Python and the Holy Grail,1975,https://boxd.it/29GI
2025-12-30,A History of Violence,2005,https://boxd.it/2bfa
2025-12-30,The Master,2012,https://boxd.it/2cBG
2025-12-30,The Congress,2013,https://boxd.it/4Ota
2025-12-30,Destricted,2006,https://boxd.it/6eGG
2025-12-30,Phantom Thread,2017,https://boxd.it/e4uc
2025-12-30,Vortex,2021,https://boxd.it/uoni
2025-12-30,Reptile,2023,https://boxd.it/wKjc
2025-12-30,The Major Tones,2023,https://boxd.it/E2Yc
2025-12-30,Bird,2024,https://boxd.it/GGhm
2025-12-30,The History of Rock 'n' Roll,1995,https://boxd.it/Yq56
2025-12-30,The Desert of the Tartars,1976,https://boxd.it/J2K
2025-12-30,The Addiction,1995,https://boxd.it/1cZQ
2025-12-30,Made in Britain,1983,https://boxd.it/1ie2
2025-12-30,The Class,2007,https://boxd.it/1q08
2025-12-30,Bodysong,2003,https://boxd.it/1xJE
2025-12-30,The Doors,1991,https://boxd.it/1W18
2025-12-30,The Village,2004,https://boxd.it/21iS
2025-12-30,Heathers,1989,https://boxd.it/26x4
2025-12-30,The Diving Bell and the Butterfly,2007,https://boxd.it/27Di
2025-12-30,Last Days,2005,https://boxd.it/28lY
2025-12-30,The Bridges of Madison County,1995,https://boxd.it/29Os
2025-12-30,My Own Private Idaho,1991,https://boxd.it/2ak4
2025-12-30,La Haine,1995,https://boxd.it/2as8
2025-12-30,On the Edge,2001,https://boxd.it/2N3G
2025-12-30,Labyrinth of Lies,2014,https://boxd.it/8VtE
2025-12-30,Toni Erdmann,2016,https://boxd.it/d0xu
2025-12-30,The Salesman,2016,https://boxd.it/d2we
2025-12-30,Climax,2018,https://boxd.it/ikvo
2025-12-30,Matthias & Maxime,2019,https://boxd.it/iOQ2
2025-12-30,Kill It and Leave This Town,2020,https://boxd.it/oJtY
2025-12-30,Thirteen Lives,2022,https://boxd.it/q7O4
2025-12-30,Stephen Fry: The Secret Life of the Manic Depressive,2006,https://boxd.it/SVNw
2025-12-30,Belladonna of Sadness,1973,https://boxd.it/2q
2025-12-30,The Son,2002,https://boxd.it/1cG0
2025-12-30,La Promesse,1996,https://boxd.it/1y8E
2025-12-30,This Is England,2006,https://boxd.it/1T44
2025-12-30,The Invisible Man,1933,https://boxd.it/1VoK
2025-12-30,I'm Not There,2007,https://boxd.it/24Ys
2025-12-30,Naked Lunch,1991,https://boxd.it/26ow
2025-12-30,Irreversible,2002,https://boxd.it/29as
2025-12-30,Basic Instinct,1992,https://boxd.it/2asM
2025-12-30,The Concert,2009,https://boxd.it/2lqW
2025-12-30,Insidious: Chapter 2,2013,https://boxd.it/3dqc
2025-12-30,Her,2013,https://boxd.it/4O24
2025-12-30,Housebound,2014,https://boxd.it/7qOk
2025-12-30,Ex Machina,2015,https://boxd.it/7T2k
2025-12-30,The Mad Phoenix,1997,https://boxd.it/dSd4
2025-12-30,Vivarium,2019,https://boxd.it/gmVE
2025-12-30,The Invisible Man,2020,https://boxd.it/kWlA
2025-12-30,Infinity Pool,2023,https://boxd.it/oPSK
2025-12-30,The Banshees of Inisherin,2022,https://boxd.it/p7XS
2025-12-30,Fiume o Morte!,2025,https://boxd.it/RZBC
2025-12-30,It Was Just an Accident,2025,https://boxd.it/TX2k
2025-12-30,Jacquot de Nantes,1991,https://boxd.it/YwA
2025-12-30,Titicut Follies,1967,https://boxd.it/ZVc
2025-12-30,The Seventh Continent,1989,https://boxd.it/1gB4
2025-12-30,The Son's Room,2001,https://boxd.it/1TPE
2025-12-30,The Majestic,2001,https://boxd.it/1UFU
2025-12-30,Chaplin,1992,https://boxd.it/1WgW
2025-12-30,Train of Life,1998,https://boxd.it/20Dg
2025-12-30,The Edge of Heaven,2007,https://boxd.it/27D8
2025-12-30,Listen to Britain,1942,https://boxd.it/38kS
2025-12-30,"Diaries, Notes, and Sketches",1968,https://boxd.it/3A0Q
2025-12-30,Route One/USA,1989,https://boxd.it/3ITk
2025-12-30,Landscape Suicide,1986,https://boxd.it/46To
2025-12-30,Cageman,1992,https://boxd.it/4VCI
2025-12-30,The Witch,2015,https://boxd.it/9X0m
2025-12-30,Kaili Blues,2015,https://boxd.it/cksW
2025-12-30,The Florida Project,2017,https://boxd.it/dMG0
2025-12-30,Walk the Walk,1996,https://boxd.it/jh5k
2025-12-30,Tales of the Bizarre: 2014 Fall Special,2014,https://boxd.it/zrvE
2025-12-30,Magellan,2025,https://boxd.it/APTM
2025-12-30,Intrusion,2023,https://boxd.it/GomS
2025-12-30,The Secret Agent,2025,https://boxd.it/KkUE
2025-12-30,Sinners,2025,https://boxd.it/KQMM
2025-12-30,Cow,2009,https://boxd.it/RgU
2025-12-30,The Stendhal Syndrome,1996,https://boxd.it/13GK
2025-12-30,Dry Season,2006,https://boxd.it/1yaq
2025-12-30,if....,1968,https://boxd.it/1Nna
2025-12-30,The Tenant,1976,https://boxd.it/1TKk
2025-12-30,Tess,1979,https://boxd.it/1UAq
2025-12-30,The Last Temptation of Christ,1988,https://boxd.it/1ULe
2025-12-30,Still Life,2006,https://boxd.it/26Tk
2025-12-30,The Sea Inside,2004,https://boxd.it/27S8
2025-12-30,Inland Empire,2006,https://boxd.it/28d6
2025-12-30,Lost Highway,1997,https://boxd.it/29Wc
2025-12-30,The Straight Story,1999,https://boxd.it/2ass
2025-12-30,Einstein and Einstein,2013,https://boxd.it/8O1S
2025-12-30,Kung Fu Jungle,2014,https://boxd.it/96j6
2025-12-30,A War,2015,https://boxd.it/bHuu
2025-12-30,Graduation,2016,https://boxd.it/d0vI
2025-12-30,At Eternity's Gate,2018,https://boxd.it/hI40
2025-12-30,Nomadland,2020,https://boxd.it/lnRy
2025-12-30,The Rising Star Kindergarten,2007,https://boxd.it/na0K
2025-12-30,Happyend,2024,https://boxd.it/rnUa
2025-12-30,A Final Reunion,2018,https://boxd.it/rDbA
2025-12-30,Do Not Expect Too Much from the End of the World,2023,https://boxd.it/zkHI
2025-12-30,Plainclothes,2025,https://boxd.it/LP4Q
2025-12-30,Returning Home,2025,https://boxd.it/Umu4
2025-12-30,Picnic,1996,https://boxd.it/10HU
2025-12-30,Syndromes and a Century,2006,https://boxd.it/1qHQ
2025-12-30,Ulysses' Gaze,1995,https://boxd.it/1ApC
2025-12-30,The Journey,1992,https://boxd.it/1Su6
2025-12-30,Cast Away,2000,https://boxd.it/20i8
2025-12-30,Noi the Albino,2003,https://boxd.it/28ey
2025-12-30,Munich,2005,https://boxd.it/2a0e
2025-12-30,The Meetings of Anna,1978,https://boxd.it/3gEG
2025-12-30,Bandits of Orgosolo,1961,https://boxd.it/42S2
2025-12-30,All Is Lost,2013,https://boxd.it/4OgK
2025-12-30,"Norte, the End of History",2013,https://boxd.it/5FkU
2025-12-30,Locke,2013,https://boxd.it/6hHC
2025-12-30,The Lobster,2015,https://boxd.it/7tnw
2025-12-30,Get Out,2017,https://boxd.it/eOCm
2025-12-30,The Rider,2017,https://boxd.it/gazw
2025-12-30,Suleiman Mountain,2017,https://boxd.it/gYRU
2025-12-30,Compartment No. 6,2021,https://boxd.it/lEty
2025-12-30,The Whale,2022,https://boxd.it/tw4c
2025-12-30,One Battle After Another,2025,https://boxd.it/DUHM
2025-12-30,Death Stranding,,https://boxd.it/Ebcw
2025-12-30,The Man Who Could Not Remain Silent,2024,https://boxd.it/MLW2
2025-12-30,I Saw the Devil,2010,https://boxd.it/FaK
2025-12-30,Bed Scenes,1998,https://boxd.it/GrW
2025-12-30,Of Time and the City,2008,https://boxd.it/1mHi
2025-12-30,In Bruges,2008,https://boxd.it/20n8
2025-12-30,In the Name of the Father,1993,https://boxd.it/20I6
2025-12-30,Dark City,1998,https://boxd.it/26uk
2025-12-30,Bicentennial Man,1999,https://boxd.it/2722
2025-12-30,Donnie Darko,2001,https://boxd.it/2b2A
2025-12-30,Groundhog Day,1993,https://boxd.it/2b3e
2025-12-30,The Quartet,1995,https://boxd.it/2fma
2025-12-30,Samurai Rebellion,1967,https://boxd.it/2loc
2025-12-30,Trans-Europ-Express,1966,https://boxd.it/3c9Y
2025-12-30,The Death of Empedocles,1987,https://boxd.it/7xci
2025-12-30,The Revenant,2015,https://boxd.it/8H5e
2025-12-30,Communists,2014,https://boxd.it/9yZ0
2025-12-30,The Dull-Ice Flower,1989,https://boxd.it/aeuS
2025-12-30,Diving Into the Unknown,2016,https://boxd.it/dody
2025-12-30,The Shoe Shiner's Journey,2016,https://boxd.it/e9to
2025-12-30,Dave Not Coming Back,2020,https://boxd.it/rHsg
2025-12-30,A Thursday,2022,https://boxd.it/xUuQ
2025-12-30,Here,2024,https://boxd.it/zscS
2025-12-30,Last Breath,2025,https://boxd.it/AJqO
2025-12-30,Gas,2010,https://boxd.it/CMrY
2025-12-30,Clouds of May,1999,https://boxd.it/zTk
2025-12-30,Voyage to Cythera,1984,https://boxd.it/JS2
2025-12-30,True Grit,2010,https://boxd.it/Sog
2025-12-30,Vagabond,1985,https://boxd.it/T0u
2025-12-30,The Human Condition I: No Greater Love,1959,https://boxd.it/1jAy
2025-12-30,Silent Wedding,2008,https://boxd.it/1tfK
2025-12-30,Cape No. 7,2008,https://boxd.it/1El0
2025-12-30,...And Justice for All,1979,https://boxd.it/1IFI
2025-12-30,The Deer Hunter,1978,https://boxd.it/1T6O
2025-12-30,U-571,2000,https://boxd.it/25gm
2025-12-30,Z,1969,https://boxd.it/26pY
2025-12-30,Platoon,1986,https://boxd.it/29BS
2025-12-30,Contact,1997,https://boxd.it/29OM
2025-12-30,Natural Born Killers,1994,https://boxd.it/2aNg
2025-12-30,Three Colours: Blue,1993,https://boxd.it/2b7K
2025-12-30,The Hunter,2011,https://boxd.it/2sdA
2025-12-30,A Summer at Grandpa's,1984,https://boxd.it/3fGQ
2025-12-30,Blind Massage,2014,https://boxd.it/7y6q
2025-12-30,Banana Paradise,1989,https://boxd.it/7Ox8
2025-12-30,The Theory of Everything,2014,https://boxd.it/7YtA
2025-12-30,Killers of the Flower Moon,2023,https://boxd.it/gHp0
2025-12-30,Novocaine,2025,https://boxd.it/JmdA
2025-12-30,Eephus,2024,https://boxd.it/KzLW
2025-12-30,Cloud,2024,https://boxd.it/LhR0
2025-12-30,Eternal Sunshine of the Spotless Mind,2004,https://boxd.it/6YK
2025-12-30,You Don't Know Jack,2010,https://boxd.it/19qe
2025-12-30,When Father Was Away on Business,1985,https://boxd.it/1CuO
2025-12-30,Sunshine,1999,https://boxd.it/1I6S
2025-12-30,Code Rush,2000,https://boxd.it/1OM6
2025-12-30,Death and the Maiden,1994,https://boxd.it/1W26
2025-12-30,Elite Squad,2007,https://boxd.it/20YI
2025-12-30,Return Ticket,2011,https://boxd.it/7OZQ
2025-12-30,The Fool,2014,https://boxd.it/8QXu
2025-12-30,Becoming Warren Buffett,2017,https://boxd.it/fz5O
2025-12-30,The Dawn Wall,2017,https://boxd.it/hCP0
2025-12-30,Free Solo,2018,https://boxd.it/iEEq
2025-12-30,Such a life,1997,https://boxd.it/ouSE
2025-12-30,La Cocina,2024,https://boxd.it/Aula
2025-12-30,Afternoons of Solitude,2024,https://boxd.it/APRc
2025-12-30,I'm Still Here,2024,https://boxd.it/BPEO
2025-12-30,Dead Talents Society,2024,https://boxd.it/C3y6
2025-12-30,If I Had Legs I'd Kick You,2025,https://boxd.it/HUtS
2025-12-30,The Blue Trail,2025,https://boxd.it/IrKi
2025-12-30,Dreams,2024,https://boxd.it/KFnQ
2025-12-30,The Girl with the Needle,2024,https://boxd.it/KQ3M
2025-12-30,The Odyssey,2026,https://boxd.it/QFQU
2025-12-30,What Marielle Knows,2025,https://boxd.it/Ss5g
2025-12-30,Living the Land,2025,https://boxd.it/SAC8
2025-12-30,Tetsuo: The Iron Man,1989,https://boxd.it/ZoM
2025-12-30,Rosencrantz & Guildenstern Are Dead,1990,https://boxd.it/1FXE
2025-12-30,The Naked Prey,1965,https://boxd.it/1GOo
2025-12-30,Quiz Show,1994,https://boxd.it/1TPa
2025-12-30,Secrets & Lies,1996,https://boxd.it/1UuC
2025-12-30,The Man Without a Past,2002,https://boxd.it/212g
2025-12-30,Training Day,2001,https://boxd.it/27A4
2025-12-30,Mississippi Burning,1988,https://boxd.it/28r8
2025-12-30,Babel,2006,https://boxd.it/292o
2025-12-30,The Wind That Shakes the Barley,2006,https://boxd.it/293Q
2025-12-30,The Hidden Face,2011,https://boxd.it/2Nou
2025-12-30,Death by Hanging,1968,https://boxd.it/3nPm
2025-12-30,Single Man,2010,https://boxd.it/7r6e
2025-12-30,Me and Earl and the Dying Girl,2015,https://boxd.it/9SAE
2025-12-30,Tharlo,2015,https://boxd.it/cacY
2025-12-30,"I, Daniel Blake",2016,https://boxd.it/d0xa
2025-12-30,Moonlight,2016,https://boxd.it/d6bE
2025-12-30,The Distinguished Citizen,2016,https://boxd.it/enGc
2025-12-30,The Wild Pear Tree,2018,https://boxd.it/eMtM
2025-12-30,Balloon,2018,https://boxd.it/hoW2
2025-12-30,On the Brink,1988,https://boxd.it/iu4M
2025-12-30,The Best in Hell,2022,https://boxd.it/D4e4
2025-12-30,Witchhammer,1970,https://boxd.it/akE
2025-12-30,A Single Man,2009,https://boxd.it/1dx4
2025-12-30,Zero Day,2002,https://boxd.it/1sz0
2025-12-30,What Time Is It There?,2001,https://boxd.it/1ybe
2025-12-30,Spring in a Small Town,1948,https://boxd.it/1CtG
2025-12-30,Bang Bang You're Dead,2002,https://boxd.it/1JyS
2025-12-30,The Living and the Dead,2006,https://boxd.it/1QwY
2025-12-30,The Man Who Wasn't There,2001,https://boxd.it/1Vqc
2025-12-30,Men in Black,1997,https://boxd.it/2a0I
2025-12-30,Suicide Room,2011,https://boxd.it/2oiG
2025-12-30,Emperor Visits the Hell,2012,https://boxd.it/4KoU
2025-12-30,The Internet's Own Boy: The Story of Aaron Swartz,2014,https://boxd.it/7lcA
2025-12-30,Sicario,2015,https://boxd.it/8i7u
2025-12-30,A Young Patriot,2015,https://boxd.it/bh4A
2025-12-30,Mr. Zhang Believes,2015,https://boxd.it/d0EU
2025-12-30,Along the Railway,2000,https://boxd.it/ekUq
2025-12-30,Senior Year,2005,https://boxd.it/hmyW
2025-12-30,The Wild Goose Lake,2019,https://boxd.it/l8bs
2025-12-30,Timelapse of the Future: A Journey to the End of Time,2019,https://boxd.it/lLLu
2025-12-30,Here and There,2009,https://boxd.it/Zgy
2025-12-30,Getting Home,2007,https://boxd.it/1biG
2025-12-30,Black Narcissus,1947,https://boxd.it/1Kce
2025-12-30,Instinct,1999,https://boxd.it/1Sve
2025-12-30,Scanners,1981,https://boxd.it/1YqE
2025-12-30,eXistenZ,1999,https://boxd.it/27Ni
2025-12-30,Tropical Fish,1995,https://boxd.it/2Vgo
2025-12-30,Hex,1980,https://boxd.it/46GO
2025-12-30,An Enemy of the People,1989,https://boxd.it/5X2E
2025-12-30,The Long Goodbye,2010,https://boxd.it/hPoQ
2025-12-30,Rebel Ridge,2024,https://boxd.it/nZum
2025-12-30,Black Box,2021,https://boxd.it/oGm6
2025-12-30,Crimes of the Future,2022,https://boxd.it/uTuY
2025-12-30,Great Freedom,2021,https://boxd.it/vwpe
2025-12-30,La Chimera,2023,https://boxd.it/vzVi
2025-12-30,A Holy Family,2022,https://boxd.it/zlos
2025-12-30,Old Fox,2023,https://boxd.it/C1Ne
2025-12-30,The Monk and the Gun,2023,https://boxd.it/G0jK
2025-12-30,September 1923,2023,https://boxd.it/HHpy
2025-12-30,Hear Me: Our Summer,2024,https://boxd.it/HVTC
2025-12-30,Star Wars,1977,https://boxd.it/72s
2025-12-30,Moneyball,2011,https://boxd.it/glS
2025-12-30,Kramer vs. Kramer,1979,https://boxd.it/h0w
2025-12-30,Flowers of Shanghai,1998,https://boxd.it/Omq
2025-12-30,Slaughtered Vomit Dolls,2006,https://boxd.it/1b0M
2025-12-30,Wedding Trough,1974,https://boxd.it/1bMm
2025-12-30,The Devils,2002,https://boxd.it/1taA
2025-12-30,Eternity and a Day,1998,https://boxd.it/1wSq
2025-12-30,Tokyo Story,1953,https://boxd.it/1HuY
2025-12-30,The Parallax View,1974,https://boxd.it/1ILG
2025-12-30,Days of Heaven,1978,https://boxd.it/1JRg
2025-12-30,Vera Drake,2004,https://boxd.it/1UCm
2025-12-30,Black Book,2006,https://boxd.it/1Zea
2025-12-30,La Chinoise,1967,https://boxd.it/28rC
2025-12-30,The Devil's Backbone,2001,https://boxd.it/28Li
2025-12-30,Back to the Future,1985,https://boxd.it/2b8e
2025-12-30,Indie Game: The Movie,2012,https://boxd.it/2Nju
2025-12-30,In the Name of the Son,2012,https://boxd.it/5FHE
2025-12-30,The Bad Batch,2016,https://boxd.it/acEG
2025-12-30,If I Were for Real,1981,https://boxd.it/bm6G
2025-12-30,BPM (Beats per Minute),2017,https://boxd.it/g796
2025-12-30,Babylon,2022,https://boxd.it/mM02
2025-12-30,The Promised Land,2023,https://boxd.it/B1hA
2025-12-30,Pacific Vein,2024,https://boxd.it/KQIK
2025-12-30,Four Nights of a Dreamer,1971,https://boxd.it/qRa
2025-12-30,How Green Was My Valley,1941,https://boxd.it/UV2
2025-12-30,Monga,2010,https://boxd.it/10DS
2025-12-30,Soldier's Girl,2003,https://boxd.it/1h1w
2025-12-30,Stalingrad,1993,https://boxd.it/1UDu
2025-12-30,The Basketball Diaries,1995,https://boxd.it/1WaO
2025-12-30,Parking,2008,https://boxd.it/1Zya
2025-12-30,John Q,2002,https://boxd.it/205S
2025-12-30,300,2006,https://boxd.it/28XI
2025-12-30,War of the Worlds,2005,https://boxd.it/2bde
2025-12-30,American History X,1998,https://boxd.it/2bdo
2025-12-30,Springtime,1929,https://boxd.it/2gu0
2025-12-30,The Cheat,1915,https://boxd.it/2tHw
2025-12-30,Beasts of the Southern Wild,2012,https://boxd.it/2XPK
2025-12-30,Drishyam,2013,https://boxd.it/7avm
2025-12-30,Paradise in Service,2014,https://boxd.it/8Wwu
2025-12-30,India's Daughter,2015,https://boxd.it/aIwu
2025-12-30,The Delinquents,2023,https://boxd.it/qLyA
2025-12-30,Under the Open Sky,2020,https://boxd.it/rk3i
2025-12-30,Terrestrial Verses,2023,https://boxd.it/G56c
2025-12-30,Vengeance Is Mine,1979,https://boxd.it/XyU
2025-12-30,The Eighth Day,1996,https://boxd.it/19iO
2025-12-30,Monsturd,2003,https://boxd.it/1rYS
2025-12-30,Mr. Deeds Goes to Town,1936,https://boxd.it/1wWM
2025-12-30,2 or 3 Things I Know About Her,1967,https://boxd.it/20Am
2025-12-30,Juno,2007,https://boxd.it/210a
2025-12-30,La Cérémonie,1995,https://boxd.it/287C
2025-12-30,Constantine,2005,https://boxd.it/2a7E
2025-12-30,Stranger Than Paradise,1984,https://boxd.it/2ajU
2025-12-30,"Go, Go Second Time Virgin",1969,https://boxd.it/2dkc
2025-12-30,Once Upon a Time in Anatolia,2011,https://boxd.it/2yHG
2025-12-30,Wanda,1970,https://boxd.it/2OjK
2025-12-30,Pirosmani,1969,https://boxd.it/37VS
2025-12-30,Inherent Vice,2014,https://boxd.it/5hla
2025-12-30,In Your Eyes,2014,https://boxd.it/6GMs
2025-12-30,The Greatest Showman,2017,https://boxd.it/acjI
2025-12-30,Detroit,2017,https://boxd.it/el3C
2025-12-30,The Silent Revolution,2018,https://boxd.it/gedO
2025-12-30,Wendigo,2001,https://boxd.it/Scu
2025-12-30,Hearts and Minds,1974,https://boxd.it/WSE
2025-12-30,First Name: Carmen,1983,https://boxd.it/1gGe
2025-12-30,Gold Diggers of 1933,1933,https://boxd.it/1iW4
2025-12-30,Murder-Set-Pieces,2004,https://boxd.it/1ndo
2025-12-30,Society,1989,https://boxd.it/1ARc
2025-12-30,Taxidermia,2006,https://boxd.it/1LBO
2025-12-30,The Fly,1986,https://boxd.it/1YIe
2025-12-30,The Exorcism of Emily Rose,2005,https://boxd.it/200I
2025-12-30,The Train,1964,https://boxd.it/25lm
2025-12-30,Videodrome,1983,https://boxd.it/29uC
2025-12-30,Paradise Now,2005,https://boxd.it/2bec
2025-12-30,Under the Skin,2013,https://boxd.it/3mDa
2025-12-30,Gett: The Trial of Viviane Amsalem,2014,https://boxd.it/87Lo
2025-12-30,The Greatest Beer Run Ever,2022,https://boxd.it/m2tC
2025-12-30,The Outfit,2022,https://boxd.it/u6Eq
2025-12-30,A Different Man,2024,https://boxd.it/BoEC
2025-12-30,By the Stream,2024,https://boxd.it/Obv4
2025-12-30,Diary of a Country Priest,1951,https://boxd.it/UDC
2025-12-30,"The Devil, Probably",1977,https://boxd.it/1hJe
2025-12-30,Flowers for Algernon,2000,https://boxd.it/1o7w
2025-12-30,Au Hasard Balthazar,1966,https://boxd.it/1E3g
2025-12-30,Russian Ark,2002,https://boxd.it/1JQM
2025-12-30,A Man Escaped,1956,https://boxd.it/1MzY
2025-12-30,Until the End of the World,1991,https://boxd.it/1WuY
2025-12-30,Open Your Eyes,1997,https://boxd.it/27TU
2025-12-30,Dr. Strangelove or: How I Learned to Stop Worrying and Love the Bomb,1964,https://boxd.it/29eY
2025-12-30,Crash,1996,https://boxd.it/29n2
2025-12-30,Lolita,1962,https://boxd.it/29Ag
2025-12-30,A Trip to the Moon,1902,https://boxd.it/29EC
2025-12-30,Pickpocket,1959,https://boxd.it/29O8
2025-12-30,The Idiots,1998,https://boxd.it/2amu
2025-12-30,The Piano in a Factory,2010,https://boxd.it/2oTM
2025-12-30,Where It Is Cold in the Sun,1991,https://boxd.it/377I
2025-12-30,Tangerine,2015,https://boxd.it/9QRe
2025-12-30,The Peasants,2023,https://boxd.it/rwWa
2025-12-30,The Trip,2021,https://boxd.it/sAfm
2025-12-30,Fire on the Plain,2021,https://boxd.it/vCMI
2025-12-30,Resurrection,2025,https://boxd.it/x9DG
2025-12-30,Misericordia,2024,https://boxd.it/Efxy
2025-12-30,Queen Rock Montreal 1981,2024,https://boxd.it/X9jI
2025-12-30,Trouble Every Day,2001,https://boxd.it/115M
2025-12-30,Kuroneko,1968,https://boxd.it/12mE
2025-12-30,Twentynine Palms,2003,https://boxd.it/1tug
2025-12-30,Beau Travail,1999,https://boxd.it/1NI8
2025-12-30,Demons,1985,https://boxd.it/1OTQ
2025-12-30,Faust,1926,https://boxd.it/1Vxi
2025-12-30,Man Bites Dog,1992,https://boxd.it/1X7Q
2025-12-30,Beauty and the Beast,1991,https://boxd.it/1XhG
2025-12-30,Hard Candy,2005,https://boxd.it/26vs
2025-12-30,"Aguirre, the Wrath of God",1972,https://boxd.it/27Fe
2025-12-30,Lost in Translation,2003,https://boxd.it/2b0E
2025-12-30,Manichitrathazhu,1993,https://boxd.it/2Yeg
2025-12-30,Shirin,2008,https://boxd.it/35Ue
2025-12-30,Mother Joan of the Angels,1961,https://boxd.it/3Nny
2025-12-30,The Skeleton of Mrs. Morales,1960,https://boxd.it/3Vce
2025-12-30,Birdman or (The Unexpected Virtue of Ignorance),2014,https://boxd.it/5RFA
2025-12-30,A Case for a Rookie Hangman,1970,https://boxd.it/6lry
2025-12-30,Li'l Quinquin,2014,https://boxd.it/agCa
2025-12-30,The Devil's Bath,2024,https://boxd.it/z7to
2025-12-30,Joyland,2022,https://boxd.it/AlzM
2025-12-30,A Real Pain,2024,https://boxd.it/CjNG
2025-12-30,Small Things Like These,2024,https://boxd.it/FHIm
2025-12-30,Juror #2,2024,https://boxd.it/FRwU
2025-12-30,Heretic,2024,https://boxd.it/H1lY
2025-12-30,Panic,1946,https://boxd.it/UpU
2025-12-30,The Ballad of Narayama,1983,https://boxd.it/XI6
2025-12-30,Dogtooth,2009,https://boxd.it/158K
2025-12-30,About Elly,2009,https://boxd.it/18Ry
2025-12-30,Enter the Void,2009,https://boxd.it/1dy2
2025-12-30,August Underground,2001,https://boxd.it/1wT4
2025-12-30,In Cold Blood,1967,https://boxd.it/1G62
2025-12-30,Scream,1996,https://boxd.it/24EC
2025-12-30,Battle Royale,2000,https://boxd.it/25zS
2025-12-30,Raging Bull,1980,https://boxd.it/28yI
2025-12-30,The Rules of the Game,1939,https://boxd.it/29Es
2025-12-30,Central Station,1998,https://boxd.it/29RG
2025-12-30,Rear Window,1954,https://boxd.it/2a6Q
2025-12-30,Halloween,1978,https://boxd.it/2wRu
2025-12-30,Nails,2003,https://boxd.it/2HQi
2025-12-30,Harmony Lessons,2013,https://boxd.it/509c
2025-12-30,The Kindergarten Teacher,2014,https://boxd.it/88fy
2025-12-30,Embers,2015,https://boxd.it/caRs
2025-12-30,La Flor,2018,https://boxd.it/eZCs
2025-12-30,Engineering Red,1993,https://boxd.it/fAB2
2025-12-30,Benedetta,2021,https://boxd.it/gdNQ
2025-12-30,Nitram,2021,https://boxd.it/u0rA
2025-12-30,Saltburn,2023,https://boxd.it/z4eg
2025-12-30,Tokyo Fist,1995,https://boxd.it/Z2m
2025-12-30,The Rocky Horror Picture Show,1975,https://boxd.it/1a3q
2025-12-30,Simon of the Desert,1965,https://boxd.it/1aXe
2025-12-30,Bullet Ballet,1998,https://boxd.it/1uMg
2025-12-30,Gozu,2003,https://boxd.it/1RTa
2025-12-30,Le Cercle Rouge,1970,https://boxd.it/1Tjy
2025-12-30,A Night to Remember,1958,https://boxd.it/1UXE
2025-12-30,Hellraiser,1987,https://boxd.it/1Zpi
2025-12-30,Delicatessen,1991,https://boxd.it/29lK
2025-12-30,Braindead,1992,https://boxd.it/29Gy
2025-12-30,From Dusk Till Dawn,1996,https://boxd.it/29HQ
2025-12-30,The Conversation,1974,https://boxd.it/2a38
2025-12-30,Million Dollar Baby,2004,https://boxd.it/2bdI
2025-12-30,Brazil,1985,https://boxd.it/2be2
2025-12-30,Vive L'Amour,1994,https://boxd.it/2wsa
2025-12-30,A Serbian Film,2010,https://boxd.it/2wBc
2025-12-30,Sinister,2012,https://boxd.it/2TnW
2025-12-30,"That Day, on the Beach",1983,https://boxd.it/3Blg
2025-12-30,Stray Dogs,2013,https://boxd.it/6gL4
2025-12-30,"Kuei-mei, a Woman",1985,https://boxd.it/7ybU
2025-12-30,Arrival,2016,https://boxd.it/aNGk
2025-12-30,Super Citizen Ko,1995,https://boxd.it/bm7k
2025-12-30,Dormitory,2023,https://boxd.it/HJzg
2025-12-30,The Fourth Portrait,2010,https://boxd.it/iHG
2025-12-30,The River,1997,https://boxd.it/uEk
2025-12-30,Blind Mountain,2007,https://boxd.it/Bd6
2025-12-30,Dust in the Wind,1986,https://boxd.it/OcA
2025-12-30,Blue Gate Crossing,2002,https://boxd.it/RhS
2025-12-30,Kwaidan,1964,https://boxd.it/1kbY
2025-12-30,Philosophy Of a Knife,2008,https://boxd.it/1s92
2025-12-30,Men Behind the Sun,1988,https://boxd.it/1uGi
2025-12-30,Harakiri,1962,https://boxd.it/1NTU
2025-12-30,Suzhou River,2000,https://boxd.it/1Tsq
2025-12-30,The Manchurian Candidate,1962,https://boxd.it/299Y
2025-12-30,Taipei Story,1985,https://boxd.it/3BkC
2025-12-30,In Our Time,1982,https://boxd.it/4glG
2025-12-30,Growing Up,1983,https://boxd.it/5q4i
2025-12-30,Darkness and Light,1999,https://boxd.it/5q4W
2025-12-30,The Sandwich Man,1983,https://boxd.it/5q56
2025-12-30,Dust of Angels,1992,https://boxd.it/6a3U
2025-12-30,Old Mao's Second Spring,1984,https://boxd.it/bm70
2025-12-30,Victory,1976,https://boxd.it/hxgk
2025-12-30,Classmates Minus,2020,https://boxd.it/rKpE
2025-12-30,Salem's Lot,2024,https://boxd.it/sqU0
2025-12-30,Terrifier 3,2024,https://boxd.it/D8tM
2025-12-30,Smile 2,2024,https://boxd.it/FDA4
2025-12-30,伟忠妈妈的眷村,2007,https://boxd.it/LAQq
2025-12-30,"Goodbye, Dragon Inn",2003,https://boxd.it/oFG
2025-12-30,The Third Part of the Night,1971,https://boxd.it/Miw
2025-12-30,The Time to Live and the Time to Die,1985,https://boxd.it/Oc6
2025-12-30,To Each His Own Cinema,2007,https://boxd.it/1bju
2025-12-30,Diabolique,1955,https://boxd.it/29we
2025-12-30,The Passion of the Christ,2004,https://boxd.it/29ZK
2025-12-30,When Love Comes,2010,https://boxd.it/38Ey
2025-12-30,Quiet Flows the Don,1957,https://boxd.it/3Hyq
2025-12-30,Hill of No Return,1992,https://boxd.it/5q30
2025-12-30,John Wick,2014,https://boxd.it/7dEc
2025-12-30,Warriors of the Rainbow: Seediq Bale - Part 2: The Rainbow Bridge,2011,https://boxd.it/a4Um
2025-12-30,The Outsiders,1986,https://boxd.it/bfxU
2025-12-30,Okja,2017,https://boxd.it/dvXe
2025-12-30,The Irishman,2019,https://boxd.it/dYOq
2025-12-30,Roma,2018,https://boxd.it/f69M
2025-12-30,Outlaw King,2018,https://boxd.it/gcxi
2025-12-30,The Insult,2017,https://boxd.it/gLYy
2025-12-30,"The Bold, the Corrupt and the Beautiful",2017,https://boxd.it/hchc
2025-12-30,Marriage Story,2019,https://boxd.it/hJAw
2025-12-30,The Trial of the Chicago 7,2020,https://boxd.it/kn3w
2025-12-30,The Power of the Dog,2021,https://boxd.it/m99E
2025-12-30,The Falls,2021,https://boxd.it/wb8I
2025-12-30,Trouble Girl,2023,https://boxd.it/C1MA
2025-12-30,Warriors of the Rainbow: Seediq Bale,2012,https://boxd.it/MET6
2025-12-30,Where Is the Friend's House?,1987,https://boxd.it/ELg
2025-12-30,Lebanon,2009,https://boxd.it/1hLk
2025-12-30,Close-Up,1990,https://boxd.it/1m9q
2025-12-30,The Hangover,2009,https://boxd.it/1GjK
2025-12-30,Nekromantik,1988,https://boxd.it/1T0w
2025-12-30,Roma,1972,https://boxd.it/1UNO
2025-12-30,"Dr. Mabuse, the Gambler",1922,https://boxd.it/22dE
2025-12-30,The Evil Dead,1981,https://boxd.it/29Go
2025-12-30,Blood Shack,1971,https://boxd.it/2Itk
2025-12-30,"Life, and Nothing More…",1992,https://boxd.it/2WEc
2025-12-30,The Physician,2013,https://boxd.it/5fdI
2025-12-30,The Profane Exhibit,2013,https://boxd.it/6oTq
2025-12-30,Red Persimmon,1996,https://boxd.it/7OwE
2025-12-30,Look Who's Back,2015,https://boxd.it/akeQ
2025-12-30,Nosferatu,2024,https://boxd.it/f5eG
2025-12-30,The Rescue,2021,https://boxd.it/pmto
2025-12-30,Bad Luck Banging or Loony Porn,2021,https://boxd.it/tJOM
2025-12-30,Across the Furious Sea,2023,https://boxd.it/wiOc
2025-12-30,A Crazy Town,1987,https://boxd.it/xd7a
2025-12-30,Geylang,2022,https://boxd.it/CVus
2025-12-30,The Sun Also Rises,2007,https://boxd.it/Ak6
2025-12-30,Fortress of War,2010,https://boxd.it/DdW
2025-12-30,Iphigenia,1977,https://boxd.it/Nyq
2025-12-30,The World,2004,https://boxd.it/ZJg
2025-12-30,Distant,2002,https://boxd.it/1k28
2025-12-30,Moon,2009,https://boxd.it/1IGQ
2025-12-30,Hitler: The Rise of Evil,2003,https://boxd.it/26DQ
2025-12-30,Mouchette,1967,https://boxd.it/28Bs
2025-12-30,Kingdom of Heaven,2005,https://boxd.it/28Gs
2025-12-30,The Da Vinci Code,2006,https://boxd.it/2a3i
2025-12-30,Volver,2006,https://boxd.it/2aQO
2025-12-30,Sh! The Octopus,1937,https://boxd.it/2zf4
2025-12-30,Platform,2000,https://boxd.it/2O0S
2025-12-30,The Missing Gun,2002,https://boxd.it/2Vi0
2025-12-30,"Goodbye South, Goodbye",1996,https://boxd.it/38zI
2025-12-30,A Touch of Sin,2013,https://boxd.it/5Fvo
2025-12-30,The Turing Enigma,2011,https://boxd.it/bF1U
2025-12-30,Come What May,2015,https://boxd.it/bO1O
2025-12-30,Departure,2015,https://boxd.it/ciKk
2025-12-30,Incense,2003,https://boxd.it/e47C
2025-12-30,Memoria,2021,https://boxd.it/iwtE
2025-12-30,The Cord of Life,2022,https://boxd.it/CQ9u
2025-12-30,Брест. Крепостные герои,2010,https://boxd.it/SUEe
2025-12-30,My Tender and Affectionate Beast,1978,https://boxd.it/e5S
2025-12-30,Mahjong,1996,https://boxd.it/uku
2025-12-30,The Ascent,1977,https://boxd.it/Eew
2025-12-30,The Bad Seed,1956,https://boxd.it/XuI
2025-12-30,Le Deuxième Souffle,1966,https://boxd.it/1wvG
2025-12-30,The Sacrifice,1986,https://boxd.it/1xg8
2025-12-30,The Haunting in Connecticut,2009,https://boxd.it/1Gko
2025-12-30,Roman Polanski: Wanted and Desired,2008,https://boxd.it/1JFE
2025-12-30,The People Under the Stairs,1991,https://boxd.it/1QMC
2025-12-30,"Faraway, So Close!",1993,https://boxd.it/1Wh6
2025-12-30,Aimée & Jaguar,1999,https://boxd.it/27by
2025-12-30,Dead Man,1995,https://boxd.it/29h4
2025-12-30,Birdman of Alcatraz,1962,https://boxd.it/29kM
2025-12-30,Chinatown,1974,https://boxd.it/29vU
2025-12-30,The Tin Drum,1979,https://boxd.it/29SO
2025-12-30,Out of Africa,1985,https://boxd.it/2a0S
2025-12-30,Breaking the Waves,1996,https://boxd.it/2b1W
2025-12-30,Rain over Santiago,1975,https://boxd.it/2fOy
2025-12-30,Carnage,2011,https://boxd.it/2peU
2025-12-30,Oblomov,1980,https://boxd.it/2VPy
2025-12-30,Snow Country,1957,https://boxd.it/3WnW
2025-12-30,The Great Beauty,2013,https://boxd.it/5ty6
2025-12-30,Twenty Six Days in the Life of Dostoevsky,1981,https://boxd.it/7Qnk
2025-12-30,First They Killed My Father,2017,https://boxd.it/fmCK
2025-12-30,Battling Butler,1926,https://boxd.it/Bz2
2025-12-30,The Hourglass Sanatorium,1973,https://boxd.it/OUW
2025-12-30,Fando and Lis,1968,https://boxd.it/1fPY
2025-12-30,The Cameraman,1928,https://boxd.it/1jag
2025-12-30,Monsieur Verdoux,1947,https://boxd.it/1l0s
2025-12-30,The Message,1976,https://boxd.it/1t3E
2025-12-30,Lunacy,2005,https://boxd.it/1Cm6
2025-12-30,Santa Sangre,1989,https://boxd.it/1FrI
2025-12-30,Of Mice and Men,1992,https://boxd.it/1Yfm
2025-12-30,Last Year at Marienbad,1961,https://boxd.it/24Qe
2025-12-30,Inherit the Wind,1960,https://boxd.it/27SW
2025-12-30,Apur Sansar,1959,https://boxd.it/29l6
2025-12-30,Fail Safe,1964,https://boxd.it/2afS
2025-12-30,The Wages of Fear,1953,https://boxd.it/2aSK
2025-12-30,Trial on the Road,1971,https://boxd.it/2q9m
2025-12-30,The Calm,1980,https://boxd.it/3FBM
2025-12-30,Dragon Seed,1944,https://boxd.it/44C6
2025-12-30,I Am Twenty,1965,https://boxd.it/4I7C
2025-12-30,Jodorowsky's Dune,2013,https://boxd.it/5MP6
2025-12-30,The Upthrown Stone,1969,https://boxd.it/5Zna
2025-12-30,Endless Poetry,2016,https://boxd.it/aANs
2025-12-30,A Hidden Life,2019,https://boxd.it/eb1Q
2025-12-30,Fabian: Going to the Dogs,2021,https://boxd.it/mXyk
2025-12-30,Sentinelle,2023,https://boxd.it/BNQe
2025-12-30,Melancholia,2011,https://boxd.it/bPI
2025-12-30,Senna,2010,https://boxd.it/kfE
2025-12-30,The Railroad Man,1956,https://boxd.it/lqe
2025-12-30,The Red and the White,1967,https://boxd.it/xTM
2025-12-30,Six in Paris,1965,https://boxd.it/AuA
2025-12-30,All My Good Countrymen,1969,https://boxd.it/MEW
2025-12-30,A Cop,1972,https://boxd.it/W8G
2025-12-30,Cure,1997,https://boxd.it/1blA
2025-12-30,71 Fragments of a Chronology of Chance,1994,https://boxd.it/1gAU
2025-12-30,Marketa Lazarová,1967,https://boxd.it/1uSS
2025-12-30,Naked,1993,https://boxd.it/1BT4
2025-12-30,Army of Shadows,1969,https://boxd.it/1Mli
2025-12-30,Osama,2003,https://boxd.it/1NrG
2025-12-30,Arizona Dream,1993,https://boxd.it/1UMm
2025-12-30,Woyzeck,1979,https://boxd.it/1Wyc
2025-12-30,The Machinist,2004,https://boxd.it/248c
2025-12-30,Titanic,1996,https://boxd.it/26rU
2025-12-30,The Birds,1963,https://boxd.it/2a6m
2025-12-30,Monster,2003,https://boxd.it/2afy
2025-12-30,Ali: Fear Eats the Soul,1974,https://boxd.it/2aRi
2025-12-30,Red Psalm,1972,https://boxd.it/355A
2025-12-30,The Round-Up,1966,https://boxd.it/3idC
2025-12-30,Diamonds of the Night,1964,https://boxd.it/3rCG
2025-12-30,Side Effects,2013,https://boxd.it/3GA6
2025-12-30,Unforgiven,1992,https://boxd.it/6Z4
2025-12-30,The Children Are Watching Us,1943,https://boxd.it/dIE
2025-12-30,This Special Friendship,1964,https://boxd.it/qBG
2025-12-30,Sacco & Vanzetti,1971,https://boxd.it/J1s
2025-12-30,The Damned,1969,https://boxd.it/YiS
2025-12-30,Night Train,1959,https://boxd.it/14VG
2025-12-30,The Decameron,1971,https://boxd.it/1fdq
2025-12-30,The Hedgehog,2009,https://boxd.it/1ERg
2025-12-30,Runaway Train,1985,https://boxd.it/1SQ2
2025-12-30,Awakenings,1990,https://boxd.it/1USu
2025-12-30,Hamlet,1996,https://boxd.it/1VZc
2025-12-30,Mirror,1975,https://boxd.it/28Q8
2025-12-30,Eraserhead,1977,https://boxd.it/299u
2025-12-30,The Young and the Damned,1950,https://boxd.it/29AA
2025-12-30,Blue Velvet,1986,https://boxd.it/29BI
2025-12-30,The Ear,1970,https://boxd.it/38Sg
2025-12-30,Mister 880,1950,https://boxd.it/3u1o
2025-12-30,The Roof,1956,https://boxd.it/3NZi
2025-12-30,Three,1965,https://boxd.it/65H6
2025-12-30,The Postman's White Nights,2014,https://boxd.it/8LIO
2025-12-30,Paradise,2016,https://boxd.it/enGm
2025-12-30,Transit,2018,https://boxd.it/gUK6
2025-12-30,Captain Volkonogov Escaped,2021,https://boxd.it/uQa2
2025-12-30,Jesus,1979,https://boxd.it/Qg0
2025-12-30,Shoeshine,1946,https://boxd.it/UoM
2025-12-30,Station for Two,1982,https://boxd.it/1he6
2025-12-30,Mother,2009,https://boxd.it/1m9g
2025-12-30,Lust for Life,1956,https://boxd.it/1n8I
2025-12-30,The Face of Another,1966,https://boxd.it/1nso
2025-12-30,Oasis,2002,https://boxd.it/1sO0
2025-12-30,Gaslight,1944,https://boxd.it/1PYs
2025-12-30,Suspiria,1977,https://boxd.it/1SNW
2025-12-30,The Enigma of Kaspar Hauser,1974,https://boxd.it/1Tba
2025-12-30,After Hours,1985,https://boxd.it/1VfS
2025-12-30,Paisan,1946,https://boxd.it/20ay
2025-12-30,Fanny and Alexander,1982,https://boxd.it/22go
2025-12-30,The Piano Teacher,2001,https://boxd.it/2886
2025-12-30,Notorious,1946,https://boxd.it/2aDK
2025-12-30,Into the White,2012,https://boxd.it/2Idc
2025-12-30,Grindhouse,2007,https://boxd.it/8RwY
2025-12-30,The House That Jack Built,2018,https://boxd.it/dWO4
2025-12-30,Boy Erased,2018,https://boxd.it/gWxe
2025-12-30,Midsommar,2019,https://boxd.it/jhxe
2025-12-30,Men,2022,https://boxd.it/tlc0
2025-12-30,World on a Wire,1973,https://boxd.it/B9me
2025-12-30,White Bim Black Ear,1977,https://boxd.it/5MS
2025-12-30,The Song of Sparrows,2008,https://boxd.it/uJY
2025-12-30,Shoulder Arms,1918,https://boxd.it/wBi
2025-12-30,Out of the Dark,1995,https://boxd.it/PuU
2025-12-30,Four Adventures of Reinette and Mirabelle,1987,https://boxd.it/18QA
2025-12-30,Blackboards,2000,https://boxd.it/1oqe
2025-12-30,Himalaya,1999,https://boxd.it/1t7G
2025-12-30,City of the Living Dead,1980,https://boxd.it/1wMs
2025-12-30,The Pawnbroker,1964,https://boxd.it/1Dj8
2025-12-30,Sweeney Todd: The Demon Barber of Fleet Street,2007,https://boxd.it/1PcS
2025-12-30,My Mother's Castle,1990,https://boxd.it/1Rls
2025-12-30,Kind Hearts and Coronets,1949,https://boxd.it/1SPe
2025-12-30,Cabaret,1972,https://boxd.it/1Vpe
2025-12-30,Psycho II,1983,https://boxd.it/1VUQ
2025-12-30,The Insider,1999,https://boxd.it/1ZoE
2025-12-30,Water,2005,https://boxd.it/20Sq
2025-12-30,Pather Panchali,1955,https://boxd.it/22yC
2025-12-30,Au Revoir les Enfants,1987,https://boxd.it/288U
2025-12-30,A Fistful of Dollars,1964,https://boxd.it/2auo
2025-12-30,"Good Bye, Lenin!",2003,https://boxd.it/2ayA
2025-12-30,The Apartment,1960,https://boxd.it/2aGE
2025-12-30,Amores Perros,2000,https://boxd.it/2bfu
2025-12-30,Frances Ha,2012,https://boxd.it/41Xg
2025-12-30,The Painted Bird,2019,https://boxd.it/h8u2
2025-12-30,Dolls are Meant to be Trash,2023,https://boxd.it/Gxdq
2025-12-30,Double Vision,2002,https://boxd.it/nvq
2025-12-30,Cops and Robbers,1951,https://boxd.it/QlO
2025-12-30,Xiu Xiu: The Sent-Down Girl,1998,https://boxd.it/1fX4
2025-12-30,War and Peace,1965,https://boxd.it/1nRy
2025-12-30,Inferno,1980,https://boxd.it/1KbK
2025-12-30,Conspiracy,2001,https://boxd.it/1R5u
2025-12-30,My Father's Glory,1990,https://boxd.it/1RlC
2025-12-30,Yojimbo,1961,https://boxd.it/1SRY
2025-12-30,On Golden Pond,1981,https://boxd.it/1T1u
2025-12-30,Final Destination,2000,https://boxd.it/1YrC
2025-12-30,Ben-Hur,1959,https://boxd.it/29RQ
2025-12-30,Battleship Potemkin,1925,https://boxd.it/29Vo
2025-12-30,Caché,2005,https://boxd.it/2amY
2025-12-30,"War and Peace, Part I: Andrei Bolkonsky",1965,https://boxd.it/4FR8
2025-12-30,Tales from the Dark 1,2013,https://boxd.it/6eRY
2025-12-30,Tales from the Dark 2,2013,https://boxd.it/6BG0
2025-12-30,Liberation: Direction of the Main Blow,1970,https://boxd.it/6Ffi
2025-12-30,Zombie Fight Club,2014,https://boxd.it/9356
2025-12-30,The Spring Festival,1991,https://boxd.it/bmCC
2025-12-30,The Bride,2015,https://boxd.it/cbbW
2025-12-30,Last Laugh,2015,https://boxd.it/gkGi
2025-12-30,The Bridge Curse,2020,https://boxd.it/pjuS
2025-12-30,La Ciénaga,2001,https://boxd.it/kpk
2025-12-30,Burnt by the Sun,1994,https://boxd.it/CPq
2025-12-30,The Dawns Here Are Quiet,1972,https://boxd.it/GRg
2025-12-30,Marianne and Juliane,1981,https://boxd.it/XDq
2025-12-30,The Steamroller and the Violin,1961,https://boxd.it/16he
2025-12-30,The Painted Veil,2006,https://boxd.it/1OyS
2025-12-30,Paper Moon,1973,https://boxd.it/1Ud2
2025-12-30,The Skeleton Key,2005,https://boxd.it/1XxE
2025-12-30,Europa Europa,1990,https://boxd.it/1ZpW
2025-12-30,Cold Mountain,2003,https://boxd.it/270A
2025-12-30,The Bridge,1959,https://boxd.it/28AE
2025-12-30,Boat People,1982,https://boxd.it/2oo0
2025-12-30,Walter Defends Sarajevo,1972,https://boxd.it/3bf2
2025-12-30,Zero Dark Thirty,2012,https://boxd.it/3n1w
2025-12-30,Venus in Fur,2013,https://boxd.it/5WhS
2025-12-30,The Danish Girl,2015,https://boxd.it/9Ohy
2025-12-30,Angels Wear White,2017,https://boxd.it/gLHi
2025-12-30,Death on the Nile,2022,https://boxd.it/ifpg
2025-12-30,First Cow,2019,https://boxd.it/krga
2025-12-30,Happening,2021,https://boxd.it/tRts
2025-12-30,Dogman,2023,https://boxd.it/zD38
2025-12-30,All the Beauty and the Bloodshed,2022,https://boxd.it/BYjU
2025-12-30,La Pointe Courte,1955,https://boxd.it/ui4
2025-12-30,Chaos,2005,https://boxd.it/12Vu
2025-12-30,Seven Beauties,1975,https://boxd.it/185a
2025-12-30,Street Angel,1928,https://boxd.it/1pH6
2025-12-30,Burnt Money,2000,https://boxd.it/1syG
2025-12-30,Mädchen in Uniform,1931,https://boxd.it/1Y8g
2025-12-30,Zodiac,2007,https://boxd.it/27MO
2025-12-30,Perfume: The Story of a Murderer,2006,https://boxd.it/28LW
2025-12-30,M. Butterfly,1993,https://boxd.it/28O2
2025-12-30,Bean,1997,https://boxd.it/28WA
2025-12-30,Aparajito,1956,https://boxd.it/29kW
2025-12-30,JFK,1991,https://boxd.it/29xm
2025-12-30,The Piano,1993,https://boxd.it/29Kq
2025-12-30,Cléo from 5 to 7,1962,https://boxd.it/2agm
2025-12-30,The Cabinet of Dr. Caligari,1920,https://boxd.it/2aOo
2025-12-30,Bad Education,2004,https://boxd.it/2b2K
2025-12-30,India Song,1975,https://boxd.it/32HQ
2025-12-30,The Spring River Flows East,1947,https://boxd.it/4uGe
2025-12-30,Prisoners,2013,https://boxd.it/4E5i
2025-12-30,Macbeth,2015,https://boxd.it/6FE8
2025-12-30,The Zone of Interest,2023,https://boxd.it/gJsA
2025-12-30,House of Hummingbird,2018,https://boxd.it/jZ8C
2025-12-30,Perfect Days,2023,https://boxd.it/ATh8
2025-12-30,The Pilgrim,1923,https://boxd.it/wAa
2025-12-30,The Barber of Siberia,1998,https://boxd.it/BI4
2025-12-30,The Navigator,1924,https://boxd.it/1hh0
2025-12-30,The Color of Pomegranates,1969,https://boxd.it/1u94
2025-12-30,"Steamboat Bill, Jr.",1928,https://boxd.it/1v9u
2025-12-30,Kelly's Heroes,1970,https://boxd.it/1Tu2
2025-12-30,PlayTime,1967,https://boxd.it/1WLK
2025-12-30,Bad Taste,1987,https://boxd.it/1Xq4
2025-12-30,Sleepy Hollow,1999,https://boxd.it/26u0
2025-12-30,The Travelling Players,1975,https://boxd.it/29Oi
2025-12-30,Butch Cassidy and the Sundance Kid,1969,https://boxd.it/29Vy
2025-12-30,North by Northwest,1959,https://boxd.it/2aRM
2025-12-30,Siberiade,1979,https://boxd.it/2d0c
2025-12-30,Rome 11:00,1952,https://boxd.it/4XYw
2025-12-30,Free Fall,2013,https://boxd.it/5bQc
2025-12-30,Lenin in October,1937,https://boxd.it/692m
2025-12-30,RSC Live: Richard II,2013,https://boxd.it/8vfG
2025-12-30,Anthropoid,2016,https://boxd.it/bOr8
2025-12-30,Liberation: The Break Through,1969,https://boxd.it/dIZi
2025-12-30,Mirage,2018,https://boxd.it/jeOm
2025-12-30,Late Night with the Devil,2023,https://boxd.it/zo6G
2025-12-30,"Birds, Orphans and Fools",1969,https://boxd.it/JBU
2025-12-30,The Thief,1997,https://boxd.it/NLk
2025-12-30,Peppermint Candy,1999,https://boxd.it/ZQc
2025-12-30,The White Ribbon,2009,https://boxd.it/17eU
2025-12-30,Desert Flower,2009,https://boxd.it/1eyM
2025-12-30,Love Exposure,2008,https://boxd.it/1pDe
2025-12-30,Nights of Cabiria,1957,https://boxd.it/1F7e
2025-12-30,Woman in the Dunes,1964,https://boxd.it/1JNS
2025-12-30,Ichi the Killer,2001,https://boxd.it/1Y1O
2025-12-30,Fireworks,1997,https://boxd.it/22mQ
2025-12-30,In the Realm of the Senses,1976,https://boxd.it/22qS
2025-12-30,Forbidden Games,1952,https://boxd.it/23ty
2025-12-30,Visitor Q,2001,https://boxd.it/24DE
2025-12-30,The Third Man,1949,https://boxd.it/294E
2025-12-30,La Dolce Vita,1960,https://boxd.it/2anC
2025-12-30,Cold Fish,2010,https://boxd.it/2dxK
2025-12-30,Road,1987,https://boxd.it/5fX2
2025-12-30,Home from Home – Chronicle of a Vision,2013,https://boxd.it/6qc4
2025-12-30,Murder on the Orient Express,2017,https://boxd.it/dHjA
2025-12-30,The Lighthouse,2019,https://boxd.it/icFU
2025-12-30,Cria!,1976,https://boxd.it/AoC
2025-12-30,Stuart: A Life Backwards,2007,https://boxd.it/EAM
2025-12-30,Poetry,2010,https://boxd.it/JAs
2025-12-30,L'Argent,1983,https://boxd.it/XIg
2025-12-30,All the Mornings of the World,1991,https://boxd.it/Yuu
2025-12-30,Address Unknown,2001,https://boxd.it/1vou
2025-12-30,Kagemusha,1980,https://boxd.it/1SGG
2025-12-30,Zelig,1983,https://boxd.it/1UOC
2025-12-30,The Purple Rose of Cairo,1985,https://boxd.it/1VeU
2025-12-30,The Exorcist,1973,https://boxd.it/1Yoo
2025-12-30,The Kite Runner,2007,https://boxd.it/20IK
2025-12-30,Pierrot le Fou,1965,https://boxd.it/26j2
2025-12-30,The Jazz Singer,1927,https://boxd.it/29ek
2025-12-30,A Streetcar Named Desire,1951,https://boxd.it/29Mc
2025-12-30,"Paris, Texas",1984,https://boxd.it/29Ts
2025-12-30,Romeo + Juliet,1996,https://boxd.it/2ama
2025-12-30,"Duck, You Sucker",1971,https://boxd.it/2ayU
2025-12-30,Celebration in the Botanical Garden,1969,https://boxd.it/37Vy
2025-12-30,Billy Lynn's Long Halftime Walk,2016,https://boxd.it/9g2Y
2025-12-30,Dekalog,1989,https://boxd.it/bv4u
2025-12-30,Waves,2019,https://boxd.it/jpmy
2025-12-30,The Killer,2023,https://boxd.it/u6WE
2025-12-30,A Confucian Confusion,1994,https://boxd.it/uNc
2025-12-30,Ordet,1955,https://boxd.it/Jiy
2025-12-30,Gertrud,1964,https://boxd.it/1ec2
2025-12-30,Paris Is Burning,1990,https://boxd.it/1jzg
2025-12-30,Maurice,1987,https://boxd.it/1tZy
2025-12-30,Touching the Void,2003,https://boxd.it/1Up8
2025-12-30,The Mist,2007,https://boxd.it/22r2
2025-12-30,The Crowd,1928,https://boxd.it/25Q0
2025-12-30,The Trial,1962,https://boxd.it/25Xg
2025-12-30,Joint Security Area,2000,https://boxd.it/26Ja
2025-12-30,Crash,2004,https://boxd.it/28q0
2025-12-30,The Front Page,1974,https://boxd.it/299a
2025-12-30,Judgment at Nuremberg,1961,https://boxd.it/29xc
2025-12-30,Oldboy,2003,https://boxd.it/29R2
2025-12-30,Nosferatu,1922,https://boxd.it/29TM
2025-12-30,Dial M for Murder,1954,https://boxd.it/2adW
2025-12-30,Bedevilled,2010,https://boxd.it/2iWK
2025-12-30,Pastoral: To Die in the Country,1974,https://boxd.it/3xEI
2025-12-30,After Death,1915,https://boxd.it/4iqI
2025-12-30,Remember,2015,https://boxd.it/9DfG
2025-12-30,Never Look Away,2018,https://boxd.it/eZns
2025-12-30,A New Old Play,2021,https://boxd.it/iAgE
2025-12-30,About Dry Grasses,2023,https://boxd.it/oNbO
2025-12-30,Fall,2022,https://boxd.it/Bf6G
2025-12-30,Close Your Eyes,2023,https://boxd.it/BGhm
2025-12-30,The Suspended Step of the Stork,1991,https://boxd.it/KKe
2025-12-30,Ballad of a Soldier,1959,https://boxd.it/MPq
2025-12-30,Red Sorghum,1988,https://boxd.it/XYo
2025-12-30,Songs from the Second Floor,2000,https://boxd.it/1eoM
2025-12-30,Three Ages,1923,https://boxd.it/1gNk
2025-12-30,The Circus,1928,https://boxd.it/1orm
2025-12-30,Limelight,1952,https://boxd.it/1osa
2025-12-30,A Tale of Springtime,1990,https://boxd.it/1pZ0
2025-12-30,Caravaggio,1986,https://boxd.it/1DjC
2025-12-30,Running on Empty,1988,https://boxd.it/1How
2025-12-30,Autumn Sonata,1978,https://boxd.it/1Rio
2025-12-30,Pelle the Conqueror,1987,https://boxd.it/1Usc
2025-12-30,Bitter Moon,1992,https://boxd.it/1W76
2025-12-30,Cries and Whispers,1972,https://boxd.it/1WK8
2025-12-30,The Kid,1921,https://boxd.it/1X5U
2025-12-30,The Thin Red Line,1998,https://boxd.it/1ZTM
2025-12-30,The French Revolution,1989,https://boxd.it/24Fg
2025-12-30,Ikiru,1952,https://boxd.it/251c
2025-12-30,What's Eating Gilbert Grape,1993,https://boxd.it/28xg
2025-12-30,The Great Dictator,1940,https://boxd.it/29ic
2025-12-30,After the Storm,2016,https://boxd.it/d0HY
2025-12-30,Dark Waters,2019,https://boxd.it/kaYu
2025-12-30,The Strays,2023,https://boxd.it/Ees8
2025-12-30,Apocalypse: The Battle of Verdun,2016,https://boxd.it/Qtyu
2025-12-30,Conspirators of Pleasure,1996,https://boxd.it/hlE
2025-12-30,The Phantom Carriage,1921,https://boxd.it/l4s
2025-12-30,Capricious Summer,1968,https://boxd.it/LkQ
2025-12-30,Daisies,1966,https://boxd.it/LZk
2025-12-30,"Jeanne Dielman, 23, quai du Commerce, 1080 Bruxelles",1975,https://boxd.it/T18
2025-12-30,Triumph of the Will,1935,https://boxd.it/145A
2025-12-30,Taste of Cherry,1997,https://boxd.it/1m8W
2025-12-30,A Short Film About Killing,1988,https://boxd.it/1VtK
2025-12-30,Intolerance: Love's Struggle Throughout the Ages,1916,https://boxd.it/25Qk
2025-12-30,Vivre Sa Vie,1962,https://boxd.it/28s6
2025-12-30,It's a Wonderful Life,1946,https://boxd.it/28xA
2025-12-30,Bowling for Columbine,2002,https://boxd.it/28Ls
2025-12-30,Pan's Labyrinth,2006,https://boxd.it/28No
2025-12-30,Once Upon a Time in the West,1968,https://boxd.it/2az4
2025-12-30,Blind Chance,1987,https://boxd.it/2b4G
2025-12-30,The Artist,2011,https://boxd.it/2AwK
2025-12-30,The Puppetmaster,1993,https://boxd.it/3lA0
2025-12-30,Mud,2012,https://boxd.it/3wPA
2025-12-30,Spring Fever,2009,https://boxd.it/3Uv0
2025-12-30,Carol,2015,https://boxd.it/7DPK
2025-12-30,A Ghost Story,2017,https://boxd.it/fb0K
2025-12-30,In Broad Daylight,2023,https://boxd.it/FAUA
2025-12-30,Gone with the Boat,2023,https://boxd.it/H9tG
2025-12-30,La Notte,1961,https://boxd.it/10iU
2025-12-30,The Weeping Meadow,2004,https://boxd.it/177k
2025-12-30,Ace in the Hole,1951,https://boxd.it/1vXk
2025-12-30,L'Eclisse,1962,https://boxd.it/1CoG
2025-12-30,Kes,1969,https://boxd.it/1Qi8
2025-12-30,I Vitelloni,1953,https://boxd.it/1RJE
2025-12-30,Joyeux Noel,2005,https://boxd.it/1TiU
2025-12-30,Through a Glass Darkly,1961,https://boxd.it/1TrW
2025-12-30,L'Avventura,1960,https://boxd.it/23hs
2025-12-30,Barry Lyndon,1975,https://boxd.it/25A2
2025-12-30,The Night of the Hunter,1955,https://boxd.it/25HW
2025-12-30,Greed,1924,https://boxd.it/28Pa
2025-12-30,The Leopard,1963,https://boxd.it/296K
2025-12-30,The Passion of Joan of Arc,1928,https://boxd.it/29DO
2025-12-30,October (Ten Days that Shook the World),1928,https://boxd.it/29N0
2025-12-30,Solaris,1972,https://boxd.it/2a2Y
2025-12-30,To Be or Not to Be,1942,https://boxd.it/2aTy
2025-12-30,The Sound and the Fury,2014,https://boxd.it/8VLo
2025-12-30,Frantz,2016,https://boxd.it/d6Ym
2025-12-30,Total Eclipse,1995,https://boxd.it/19Ii
2025-12-30,Time of the Gypsies,1988,https://boxd.it/1E1Y
2025-12-30,El Topo,1970,https://boxd.it/1QYS
2025-12-30,Love and Death,1975,https://boxd.it/1TeS
2025-12-30,The Cell,2000,https://boxd.it/1ZLS
2025-12-30,The Double Life of Véronique,1991,https://boxd.it/28va
2025-12-30,Stalker,1979,https://boxd.it/28PO
2025-12-30,American Psycho,2000,https://boxd.it/28Vs
2025-12-30,Night and Fog,1956,https://boxd.it/29A6
2025-12-30,Sunrise: A Song of Two Humans,1927,https://boxd.it/29Xk
2025-12-30,The Grapes of Wrath,1940,https://boxd.it/2a2u
2025-12-30,The Seventh Seal,1957,https://boxd.it/2ahO
2025-12-30,The Wolf of Wall Street,2013,https://boxd.it/3C1m
2025-12-30,"Spirits of the Air, Gremlins of the Clouds",1987,https://boxd.it/3Ebe
2025-12-30,National Theatre Live: Coriolanus,2014,https://boxd.it/7qUM
2025-12-30,Inmates,2017,https://boxd.it/fDWi
2025-12-30,The Captain,2017,https://boxd.it/h2os
2025-12-30,Promising Young Woman,2020,https://boxd.it/loRE
2025-12-30,Children Saved from the Nazis: The Story of Sir Nicholas Winton,2016,https://boxd.it/mhQc
2025-12-30,Citizen Kane,1941,https://boxd.it/71O
2025-12-30,A City of Sadness,1989,https://boxd.it/EIm
2025-12-30,Odd Man Out,1947,https://boxd.it/Uq4
2025-12-30,The Blood of a Poet,1932,https://boxd.it/19Bw
2025-12-30,Séraphine,2008,https://boxd.it/1O9o
2025-12-30,Dead of Night,1945,https://boxd.it/1PQI
2025-12-30,The Man from Earth,2007,https://boxd.it/1Ql2
2025-12-30,The Best of Youth,2003,https://boxd.it/1Tje
2025-12-30,The Virgin Spring,1960,https://boxd.it/1TjI
2025-12-30,Band of Outsiders,1964,https://boxd.it/20Aw
2025-12-30,Jules and Jim,1962,https://boxd.it/28rM
2025-12-30,Nostalgia,1983,https://boxd.it/28Qi
2025-12-30,Blow-Up,1966,https://boxd.it/2966
2025-12-30,The French Connection,1971,https://boxd.it/296g
2025-12-30,Paths of Glory,1957,https://boxd.it/29b6
2025-12-30,Life of Brian,1979,https://boxd.it/2a4q
2025-12-30,A Nightmare on Elm Street,1984,https://boxd.it/2aw0
2025-12-30,Some Like It Hot,1959,https://boxd.it/2aNA
2025-12-30,Dislocation,1986,https://boxd.it/8KrC
2025-12-30,Fallen Leaves,2023,https://boxd.it/Bgew
2025-12-30,Kim's Video,2023,https://boxd.it/E34O
2025-12-30,Dune: Part Three,2026,https://boxd.it/ImWe
2025-12-30,Prison on Fire,1987,https://boxd.it/w2C
2025-12-30,Ju Dou,1990,https://boxd.it/YrK
2025-12-30,The Cranes Are Flying,1957,https://boxd.it/169Y
2025-12-30,I Am Cuba,1964,https://boxd.it/1hUQ
2025-12-30,The Night Porter,1974,https://boxd.it/1tsk
2025-12-30,The Burning,1981,https://boxd.it/1ygS
2025-12-30,The Assassination of Jesse James by the Coward Robert Ford,2007,https://boxd.it/24dG
2025-12-30,Revolutionary Road,2008,https://boxd.it/24Le
2025-12-30,Silent Hill,2006,https://boxd.it/2a3C
2025-12-30,Notting Hill,1999,https://boxd.it/2aeK
2025-12-30,Les Misérables,2012,https://boxd.it/2TT4
2025-12-30,The King of Pigs,2011,https://boxd.it/3cvU
2025-12-30,Himizu,2011,https://boxd.it/3oFs
2025-12-30,Enemy,2013,https://boxd.it/5xtO
2025-12-30,Predestination,2014,https://boxd.it/6bJM
2025-12-30,American Guinea Pig: Bouquet of Guts and Gore,2014,https://boxd.it/b7dC
2025-12-30,Hatred,2016,https://boxd.it/eiNC
2025-12-30,Hotel Mumbai,2018,https://boxd.it/eGGg
2025-12-30,Birds of Passage,2018,https://boxd.it/fyVu
2025-12-30,RBG,2018,https://boxd.it/hLS8
2025-12-30,They Shall Not Grow Old,2018,https://boxd.it/jP62
2025-12-30,Cop Shop,2010,https://boxd.it/kKyC
2025-12-30,Monster,2023,https://boxd.it/DJEM
2025-12-30,Le Silence de la mer,1949,https://boxd.it/11g6
2025-12-30,District 9,2009,https://boxd.it/1Iik
2025-12-30,Ran,1985,https://boxd.it/1Tlu
2025-12-30,I Am Legend,2007,https://boxd.it/21DG
2025-12-30,Papillon,1973,https://boxd.it/22kK
2025-12-30,The Devil's Advocate,1997,https://boxd.it/286k
2025-12-30,Dog Day Afternoon,1975,https://boxd.it/29bg
2025-12-30,Persona,1966,https://boxd.it/29B4
2025-12-30,Wild Strawberries,1957,https://boxd.it/29ZU
2025-12-30,Using,2007,https://boxd.it/5BIy
2025-12-30,The Signal,2014,https://boxd.it/77hc
2025-12-30,Leave the World Behind,2014,https://boxd.it/7l4w
2025-12-30,Spotlight,2015,https://boxd.it/a84k
2025-12-30,Anatomy of a Fall,2023,https://boxd.it/yuDE
2025-12-30,Thanksgiving,2023,https://boxd.it/EviY
2025-12-30,The Untold Story,1993,https://boxd.it/134c
2025-12-30,Jack the Ripper,1976,https://boxd.it/13o2
2025-12-30,Ivan's Childhood,1962,https://boxd.it/1j6y
2025-12-30,Lan Yu,2001,https://boxd.it/1sBU
2025-12-30,Riki-Oh: The Story of Ricky,1991,https://boxd.it/1IDs
2025-12-30,Child's Play,1988,https://boxd.it/1VTo
2025-12-30,Carlito's Way,1993,https://boxd.it/226e
2025-12-30,Crime and Punishment,1983,https://boxd.it/2Bl4
2025-12-30,De Sade,1969,https://boxd.it/4Duc
2025-12-30,Blue Is the Warmest Color,2013,https://boxd.it/4O40
2025-12-30,Puujee,2006,https://boxd.it/9ViI
2025-12-30,Why Him?,2016,https://boxd.it/c3Wq
2025-12-30,Portrait of a Lady on Fire,2019,https://boxd.it/jkPq
2025-12-30,Pleasure,2021,https://boxd.it/lPcy
2025-12-30,The Social Network,2010,https://boxd.it/17ue
2025-12-30,Let the Right One In,2008,https://boxd.it/1Qr0
2025-12-30,Suicide Club,2001,https://boxd.it/1RkY
2025-12-30,Winged Migration,2001,https://boxd.it/1TFu
2025-12-30,Ju-on: The Grudge 2,2003,https://boxd.it/1Y6k
2025-12-30,Deep Rising,1998,https://boxd.it/1YDe
2025-12-30,The Isle,2000,https://boxd.it/1ZZ6
2025-12-30,Twelve Monkeys,1995,https://boxd.it/2beQ
2025-12-30,Blue,1993,https://boxd.it/3iyA
2025-12-30,Auschwitz: The Nazis and the Final Solution,2005,https://boxd.it/3mG4
2025-12-30,V/H/S/2,2013,https://boxd.it/4Ysw
2025-12-30,The Den,2013,https://boxd.it/7bvW
2025-12-30,"As Above, So Below",2014,https://boxd.it/7yui
2025-12-30,Ju-on: The Beginning of the End,2014,https://boxd.it/7FDG
2025-12-30,The Sadness,2008,https://boxd.it/hYSg
2025-12-30,Sadi-Scream Vol. 3,2007,https://boxd.it/uKTK
2025-12-30,Skin to Skin,2021,https://boxd.it/wYd8
2025-12-30,Deadstream,2022,https://boxd.it/xryY
2025-12-30,Inside,2023,https://boxd.it/AagY
2025-12-30,Lilies,1996,https://boxd.it/KdY
2025-12-30,The Texas Chain Saw Massacre,1974,https://boxd.it/1lcS
2025-12-30,Slither,2006,https://boxd.it/1Zks
2025-12-30,Scary Movie,2000,https://boxd.it/24CG
2025-12-30,Mon Oncle,1958,https://boxd.it/2apy
2025-12-30,Eyes Wide Shut,1999,https://boxd.it/2axs
2025-12-30,Horny House of Horror,2010,https://boxd.it/2uA2
2025-12-30,I Am,2005,https://boxd.it/2IwS
2025-12-30,The Collection,2012,https://boxd.it/4lKm
2025-12-30,Moebius,2013,https://boxd.it/6qce
2025-12-30,Death-Scort Service,2015,https://boxd.it/bUfM
2025-12-30,Mai-chan's Daily Life,2014,https://boxd.it/cWII
2025-12-30,Don't Hang Up,2016,https://boxd.it/d2kC
2025-12-30,Raw,2016,https://boxd.it/dLd2
2025-12-30,American Guinea Pig: Sacrifice,2017,https://boxd.it/fpA8
2025-12-30,Avicii: True Stories,2017,https://boxd.it/heuW
2025-12-30,Happy as Lazzaro,2018,https://boxd.it/hiVs
2025-12-30,Of Fathers and Sons,2017,https://boxd.it/hAUs
2025-12-30,The Mortuary Collection,2019,https://boxd.it/j2Ek
2025-12-30,Persian Lessons,2020,https://boxd.it/lngi
2025-12-30,The Legend of Hammer,2020,https://boxd.it/oZPw
2025-12-30,Tetris,2023,https://boxd.it/rePK
2025-12-30,The Diary of Nuwa,2017,https://boxd.it/x4SG
2025-12-30,Pickpocket,1997,https://boxd.it/zPi
2025-12-30,The Collector,2009,https://boxd.it/1BY4
2025-12-30,Lolita,1997,https://boxd.it/1XR0
2025-12-30,[REC],2007,https://boxd.it/20ma
2025-12-30,L.A. Confidential,1997,https://boxd.it/27oC
2025-12-30,Rope,1948,https://boxd.it/28yo
2025-12-30,28 Days Later,2002,https://boxd.it/2aXU
2025-12-30,The Turin Horse,2011,https://boxd.it/2Qsk
2025-12-30,The ABCs of Death,2012,https://boxd.it/35HY
2025-12-30,In the House,2012,https://boxd.it/41HW
2025-12-30,The Act of Killing,2012,https://boxd.it/44Cg
2025-12-30,Fairy in a Cage,1977,https://boxd.it/4vKc
2025-12-30,Mommy,2014,https://boxd.it/7Uau
2025-12-30,And Then There Were None,2015,https://boxd.it/cTHC
2025-12-30,Dou kyu sei – Classmates,2016,https://boxd.it/cW8g
2025-12-30,Mia,2017,https://boxd.it/jAW8
2025-12-30,Havoc,2025,https://boxd.it/oTok
2025-12-30,Bloody Hell,2020,https://boxd.it/q2CM
2025-12-30,X,2022,https://boxd.it/sxVa
2025-12-30,You Won't Be Alone,2022,https://boxd.it/xjIG
2025-12-30,Pearl,2022,https://boxd.it/zPbe
2025-12-30,I Killed My Mother,2009,https://boxd.it/1ubO
2025-12-30,Possession,1981,https://boxd.it/1BPm
2025-12-30,Orphan,2009,https://boxd.it/1CgM
2025-12-30,Secret,2007,https://boxd.it/1DEq
2025-12-30,Eden Lake,2008,https://boxd.it/1Q1m
2025-12-30,The Hills Have Eyes,1977,https://boxd.it/1Sa6
2025-12-30,Strange Circus,2005,https://boxd.it/1Vg2
2025-12-30,Frequency,2000,https://boxd.it/1VXA
2025-12-30,See No Evil,2006,https://boxd.it/1XjM
2025-12-30,Wrong Turn,2003,https://boxd.it/1Xzq
2025-12-30,Hannibal,2001,https://boxd.it/1XVc
2025-12-30,Mr. Brooks,2007,https://boxd.it/25nW
2025-12-30,Hostel: Part II,2007,https://boxd.it/28i6
2025-12-30,Hostel,2005,https://boxd.it/28ig
2025-12-30,Mulholland Drive,2001,https://boxd.it/297o
2025-12-30,Reservoir Dogs,1992,https://boxd.it/2agc
2025-12-30,The Day Will Come,2016,https://boxd.it/bHuE
2025-12-30,The ABC Murders,2018,https://boxd.it/kP5g
2025-12-30,"The Gangster, the Cop, the Devil",2019,https://boxd.it/lnuk
2025-12-30,Fire of Love,2022,https://boxd.it/yoPY
2025-12-30,Buried,2010,https://boxd.it/1tXC
2025-12-30,Dreams,1990,https://boxd.it/1ROu
2025-12-30,Underground,1995,https://boxd.it/1SOA
2025-12-30,The Life of David Gale,2003,https://boxd.it/1Tq0
2025-12-30,The Descent,2005,https://boxd.it/1YNy
2025-12-30,The Holy Mountain,1973,https://boxd.it/20mu
2025-12-30,1408,2007,https://boxd.it/25Vu
2025-12-30,Primal Fear,1996,https://boxd.it/28ws
2025-12-30,Rocky,1976,https://boxd.it/28Uk
2025-12-30,Pink Flamingos,1972,https://boxd.it/29NO
2025-12-30,Pearl Harbor,2001,https://boxd.it/29Q4
2025-12-30,Requiem for a Dream,2000,https://boxd.it/29VI
2025-12-30,Dogville,2003,https://boxd.it/2a8W
2025-12-30,Casablanca,1942,https://boxd.it/2aG0
2025-12-30,Damnation,1988,https://boxd.it/1E28
2025-12-30,Christiane F.,1981,https://boxd.it/1YiA
2025-12-30,Tie Xi Qu: West of the Tracks,2002,https://boxd.it/33La
2025-12-30,20 Days in Mariupol,2023,https://boxd.it/E32S
2025-12-30,Man with a Movie Camera,1929,https://boxd.it/1u7s
2025-12-30,Intercepted,2024,https://boxd.it/KHwq
2025-12-30,Nuclear Waste,2012,https://boxd.it/6PWQ
2026-01-02,Train Dreams,2025,https://boxd.it/LdDo
2026-01-02,Marty Supreme,2025,https://boxd.it/Off0
2026-01-02,Control,2007,https://boxd.it/22IC
2026-01-03,There's a Strong Wind in Beijing,2000,https://boxd.it/aJNQ
2026-01-04,Ju-on: The Curse,2000,https://boxd.it/1hpy
2026-01-04,Beyond Utopia,2023,https://boxd.it/Eu34
2026-01-04,Close Encounters of the Third Kind,1977,https://boxd.it/29u8
2026-01-05,"Debut, or, Objects of the Field of Debris as Currently Catalogued",2025,https://boxd.it/Rk9i
2026-01-05,The Incredible Shrinking Man,1957,https://boxd.it/1ixS
2026-01-05,Pure Hearts: Into Chinese Showbiz,2015,https://boxd.it/hjFA
2026-01-05,Shoah,1985,https://boxd.it/XSK
2026-01-05,La Jetée,1962,https://boxd.it/29Sk
2026-01-05,Koyaanisqatsi,1982,https://boxd.it/1U9E
2026-01-05,Baraka,1992,https://boxd.it/1OWA
2026-01-06,The Dying Swan,1917,https://boxd.it/3jfO
2026-01-06,Companion,2025,https://boxd.it/F04o
2026-01-06,Ariel,2025,https://boxd.it/Mfx0
2026-01-06,Sound of Falling,2025,https://boxd.it/Km9K
2026-01-09,This Man Must Die,1969,https://boxd.it/26Dm
2026-01-09,Kunstkamera,2022,https://boxd.it/DaQy
2026-01-09,Beauty and the Beast,1978,https://boxd.it/2tKA
2026-01-09,"Jenin, Jenin",2003,https://boxd.it/6o8Y
2026-01-09,Eyes Without a Face,1960,https://boxd.it/1j9i
2026-01-09,The Man in the White Suit,1951,https://boxd.it/1gVS
2026-01-10,Lumière & Company,1995,https://boxd.it/IHM
2026-01-10,The Panic in Needle Park,1971,https://boxd.it/1rwu
2026-01-10,Scarecrow,1973,https://boxd.it/1iLU
2026-01-10,The Inquisitor,1981,https://boxd.it/23p2
2026-01-10,How Yukong Moved the Mountains,1976,https://boxd.it/4emM
2026-01-11,Genius Within: The Inner Life of Glenn Gould,2009,https://boxd.it/h9o
2026-01-11,High and Low,1963,https://boxd.it/1RSc
2026-01-13,Day of the Wacko,2002,https://boxd.it/1D0A
2026-01-13,Castration Movie Anthology i. Traps,2024,https://boxd.it/Lgym
2026-01-13,Computer Hearts,2014,https://boxd.it/7e7e
2026-01-13,All Men Are Mortal,1995,https://boxd.it/93HY
2026-01-14,A Cry in the Dark,1988,https://boxd.it/1cM8
2026-01-15,Black Girl,1966,https://boxd.it/3jIQ
2026-01-15,Atlantis,2019,https://boxd.it/mRQ8
2026-01-16,The Dead Mother,1993,https://boxd.it/3QHm
2026-01-16,The Act of Seeing with One's Own Eyes,1972,https://boxd.it/48LQ
2026-01-16,Play,2011,https://boxd.it/32hy
2026-01-17,Touki Bouki,1973,https://boxd.it/2H44
2026-01-17,Manos: The Hands of Fate,1966,https://boxd.it/1ANa
2026-01-18,Side by Side,2012,https://boxd.it/3Ijm
2026-01-18,The Temptation of St. Tony,2009,https://boxd.it/Mps
2026-01-18,Eureka,2000,https://boxd.it/16TC
2026-01-18,"My God, My God, Why Hast Thou Forsaken Me?",2005,https://boxd.it/3jg8
2026-01-18,Unknown Soldier,2017,https://boxd.it/e4M6
2026-01-18,Frozen Land,2005,https://boxd.it/1Hfk
2026-01-18,After Last Season,2009,https://boxd.it/5gi
2026-01-18,Birdemic: Shock and Terror,2010,https://boxd.it/12Gk
2026-01-18,Aftersun,2022,https://boxd.it/Arw0
2026-01-18,"sex, lies, and videotape",1989,https://boxd.it/28Oc
2026-01-19,One Life,2023,https://boxd.it/sAhC
2026-01-19,The Liar,1981,https://boxd.it/6o2G
2026-01-19,No Man's Land,2001,https://boxd.it/20kI
2026-01-19,Nine Lives,2005,https://boxd.it/1L04
2026-01-20,Schramm,1993,https://boxd.it/130k
2026-01-20,Corpse Fucking Art,1987,https://boxd.it/3yPi
2026-01-20,At Midnight I'll Take Your Soul,1964,https://boxd.it/1kje
2026-01-20,Tarnation,2003,https://boxd.it/28KY
2026-01-20,Killer of Sheep,1978,https://boxd.it/1rPc
2026-01-20,The End of August at the Hotel Ozone,1967,https://boxd.it/340Y
2026-01-20,Intimate Lighting,1965,https://boxd.it/2G6y
2026-01-20,Cutter's Way,1981,https://boxd.it/1iKW
2026-01-20,The Shop on Main Street,1965,https://boxd.it/1uSI
2026-01-20,První den mého syna,1965,https://boxd.it/d6P0
2026-01-20,The Notebook,2013,https://boxd.it/60ye
2026-01-20,All the President's Men,1976,https://boxd.it/29lU
2026-01-20,The Angela Chapters,2020,https://boxd.it/qU8w
2026-01-21,Matewan,1987,https://boxd.it/1xXQ
2026-01-21,The Tribe,2014,https://boxd.it/8aqe
2026-01-21,Winter on Fire: Ukraine's Fight for Freedom,2015,https://boxd.it/bYWU
2026-01-21,Woman at War,2018,https://boxd.it/bHtm
2026-01-21,Import/Export,2007,https://boxd.it/23tS
2026-01-21,Die Tomorrow,2017,https://boxd.it/hAJu
2026-01-21,36,2012,https://boxd.it/4rrU
2026-01-21,Letter Never Sent,1960,https://boxd.it/2W6u
2026-01-21,Crumb,1994,https://boxd.it/1tDi
2026-01-21,The Sword of Doom,1966,https://boxd.it/1EoS
2026-01-21,Rosetta,1999,https://boxd.it/1TJw
2026-01-22,28 Years Later: The Bone Temple,2026,https://boxd.it/MwlA
2026-01-22,There Is No Evil,2020,https://boxd.it/oRVQ
2026-01-22,Rams,2015,https://boxd.it/b7cO
2026-01-23,Smash Palace,1981,https://boxd.it/1fLs
2026-01-23,"Oh, Sun",1970,https://boxd.it/5TR4
2026-01-23,Dear Zachary: A Letter to a Son About His Father,2008,https://boxd.it/1LW8
2026-01-24,DB,2026,https://boxd.it/10twy
2026-01-24,A Chaotic Dream,2024,https://boxd.it/Ow9o
2026-01-24,Wooden Crosses,1932,https://boxd.it/1gtO
2026-01-24,Les Misérables,1934,https://boxd.it/2fzS
2026-01-24,But I'm a Cheerleader,1999,https://boxd.it/1CW4
2026-01-25,Pretty Peaches,1978,https://boxd.it/1dAC
2026-01-25,Breathe,2014,https://boxd.it/87L4
2026-01-25,The Plague,2025,https://boxd.it/QMbO
2026-01-26,Solaris,1968,https://boxd.it/apxe
2026-01-26,Limbo,2020,https://boxd.it/khaw
2026-01-27,The Sadness,2021,https://boxd.it/tcHe
2026-01-27,The Two Lives of Li Ermao,2019,https://boxd.it/uxHG
2026-01-29,Metropolis,1927,https://boxd.it/71a
2026-01-30,Liberation: The Fire Bulge,1968,https://boxd.it/b5I4
2026-01-30,The Brothers Karamazov,1969,https://boxd.it/5lzA
2026-01-30,Never Rarely Sometimes Always,2020,https://boxd.it/lWJk
2026-02-03,The Bridge,1969,https://boxd.it/7mkA
2026-02-04,Swan Song,,https://boxd.it/GoxQ
2026-02-07,The Kreutzer Sonata,1956,https://boxd.it/7y7o
2026-02-07,A Simple Death,1985,https://boxd.it/7cTU
2026-02-07,Kerosene Salesman's Wife,1989,https://boxd.it/7JUG
2026-02-07,The Passenger,2023,https://boxd.it/A8Zs
2026-02-07,Quest for Fire,1981,https://boxd.it/bRu
2026-02-07,The Babadook,2014,https://boxd.it/77xu
2026-02-07,Duck! The Carbine High Massacre,1999,https://boxd.it/1qOC
2026-02-08,Heaven's Gate,1980,https://boxd.it/1V2k
2026-02-08,The Magdalene Sisters,2002,https://boxd.it/20xW
2026-02-09,Chronicle,2012,https://boxd.it/2Emk
2026-02-10,Suspiria,2018,https://boxd.it/cioI
2026-02-10,After,,https://boxd.it/PEpm
2026-02-10,Allegro,2005,https://boxd.it/yTI
2026-02-10,Offscreen,2006,https://boxd.it/1L1Q
2026-02-10,Like It Never Was Before,1995,https://boxd.it/2pwu
2026-02-10,"Quo Vadis, Aida?",2020,https://boxd.it/riws
2026-02-11,Send Help,2026,https://boxd.it/JuhA
2026-02-11,You're Human Like the Rest of Them,1967,https://boxd.it/8eSG
2026-02-12,Betrayed,1988,https://boxd.it/1iH4
2026-02-12,Tea in the Harem,1985,https://boxd.it/2Dtu
2026-02-16,The Island on Bird Street,1997,https://boxd.it/P7w
2026-02-16,Mifune,1999,https://boxd.it/2b2U
2026-02-16,The Idiot,1958,https://boxd.it/6eE6
2026-02-17,Minding the Gap,2018,https://boxd.it/hDNu
2026-02-17,Targets,1968,https://boxd.it/1Fbq
2026-02-19,Immortals in the Village,2017,https://boxd.it/ke9g
2026-02-19,A Poet,2025,https://boxd.it/UkD4
2026-02-20,Due West: Our Sex Journey,2012,https://boxd.it/4m1W
2026-02-20,Sharknado,2013,https://boxd.it/69Qc
2026-02-20,Reversal of Fortune,1990,https://boxd.it/15mC
2026-02-24,Tomorrow I'll Wake Up and Scald Myself with Tea,1977,https://boxd.it/Br8
2026-02-24,Ikarie XB 1,1963,https://boxd.it/1EzG
