Date,Name,Year,Letterboxd URI
2025-10-21,Edward Scissorhands,1990,https://boxd.it/2aZc
2025-10-21,Infernal Affairs II,2003,https://boxd.it/1Tla
2025-10-21,The Eagle Shooting Heroes,1993,https://boxd.it/svA
2025-10-21,Hotarubi no Mori e,2011,https://boxd.it/3euO
2025-10-21,Whisper of the Heart,1995,https://boxd.it/17uy
2025-10-21,Little Forest: Winter/Spring,2015,https://boxd.it/b5Yc
2025-10-21,Little Forest: Summer/Autumn,2014,https://boxd.it/9iNW
2025-10-21,Violent Obsession,2023,https://boxd.it/IOn2
2025-10-21,Kikujiro,1999,https://boxd.it/24xc
2025-10-21,Tarantella,1989,https://boxd.it/uhUa
2025-10-21,The Bourne Supremacy,2004,https://boxd.it/26EE
2025-10-21,A Chinese Ghost Story,1987,https://boxd.it/1lmI
2025-10-21,The Secret World of Arrietty,2010,https://boxd.it/AF4
2025-10-21,Quay,2015,https://boxd.it/bQZm
2025-10-21,Departures,2008,https://boxd.it/1JFa
2025-10-21,Teahouse,1979,https://boxd.it/j8e8
2025-10-21,731,2025,https://boxd.it/OrSy
2025-10-21,Before Midnight,2013,https://boxd.it/4ive
2025-10-21,Before Sunrise,1995,https://boxd.it/2bcU
2025-10-21,Secrets of the Heavenly Book,1983,https://boxd.it/4lMW
2025-10-21,Nausicaä of the Valley of the Wind,1984,https://boxd.it/2bc6
2025-10-21,Princess Mononoke,1997,https://boxd.it/2b4w
2025-10-21,The Knockout,2023,https://boxd.it/F6cI
2025-10-21,Flirting Scholar,1993,https://boxd.it/17Ig
2025-10-21,Tokyo Godfathers,2003,https://boxd.it/1Qg2
2025-10-21,Millennium Actress,2001,https://boxd.it/1fK0
2025-10-21,Perfect Blue,1997,https://boxd.it/1W7A
2025-10-21,Paprika,2006,https://boxd.it/23wW
2025-10-21,"Comrades, Almost a Love Story",1996,https://boxd.it/18QU
2025-10-21,Pirates of the Caribbean: The Curse of the Black Pearl,2003,https://boxd.it/70G
2025-10-21,Ashes of Time,1994,https://boxd.it/111K
2025-10-21,The Island,2018,https://boxd.it/jtJm
2025-10-21,Never Say Die,2017,https://boxd.it/hdjS
2025-10-21,Crazy Alien,2019,https://boxd.it/l4Lc
2025-10-21,Hello Mr. Billionaire,2018,https://boxd.it/jCys
2025-10-21,"Hi, Mom",2021,https://boxd.it/svxU
2025-10-21,The Cove,2009,https://boxd.it/1zCq
2025-10-21,Green Snake,1993,https://boxd.it/12Vk
2025-10-21,Children of Heaven,1997,https://boxd.it/1C5k
2025-10-21,Avatar,2009,https://boxd.it/1Efm
2025-10-21,The Attorney,2013,https://boxd.it/77Pe
2025-10-21,Malena,2000,https://boxd.it/1Vc0
2025-10-21,Ready Player One,2018,https://boxd.it/aZes
2025-10-21,The Lion King,1994,https://boxd.it/201Q
2025-10-21,The Lord of the Rings: The Return of the King,2003,https://boxd.it/2b5u
2025-10-21,The Killer,1989,https://boxd.it/1Vha
2025-10-21,Boonie Bears: Homeward Journey,2013,https://boxd.it/9JiG
2025-10-21,Up,2009,https://boxd.it/1OEc
2025-10-21,Love Letter,1995,https://boxd.it/LMA
2025-10-21,Death File 1,1989,https://boxd.it/VGRY
2025-10-21,Life In The Hole,2017,https://boxd.it/hvjm
2025-10-21,The Lord of the Rings: The Two Towers,2002,https://boxd.it/2b5E
2025-10-21,Fox Hunt,2025,https://boxd.it/rmoC
2025-10-21,Roman Holiday,1953,https://boxd.it/29zW
2025-10-21,The Monkey King: Uproar in Heaven,1961,https://boxd.it/JVU
2025-10-21,A Chinese Odyssey Part One: Pandora's Box,1995,https://boxd.it/1Qns
2025-10-21,Castle in the Sky,1986,https://boxd.it/1W4G
2025-10-21,Capernaum,2018,https://boxd.it/iM3s
2025-10-21,My Neighbor Totoro,1988,https://boxd.it/20eA
2025-10-21,WALL·E,2008,https://boxd.it/1VEo
2025-10-21,Spirited Away,2001,https://boxd.it/2b4m
2025-10-21,Hidden Figures,2016,https://boxd.it/dgS4
2025-10-21,Catch Me If You Can,2002,https://boxd.it/29VS
2025-10-21,Exit 8,2025,https://boxd.it/S9Kk
2025-10-21,Sleeping Dogs,2024,https://boxd.it/AXYU
2025-10-21,Heidi,2015,https://boxd.it/cCQs
2025-10-21,Inkheart,2008,https://boxd.it/26XG
2025-10-21,Weapons,2025,https://boxd.it/EMTM
2025-10-21,How to Save a Dead Friend,2022,https://boxd.it/zTkk
2025-10-21,A Dream Within a Dream,2025,https://boxd.it/10Nwo
2025-10-21,Never a Thief,2025,https://boxd.it/VM8U
2025-10-21,Ritual in Transfigured Time,1946,https://boxd.it/3Af2
2025-10-21,Tall Girl,2025,https://boxd.it/T2UE
2025-10-21,Anima,2019,https://boxd.it/mxuc
2025-10-21,Hope,2013,https://boxd.it/7x5Q
2025-10-21,Howl's Moving Castle,2004,https://boxd.it/23De
2025-10-21,Wanderlust,2012,https://boxd.it/D9q
2025-10-21,F1,2025,https://boxd.it/yjVM
2025-10-21,The Twentieth Century,2019,https://boxd.it/lqNE
2025-10-21,The Settlers,2023,https://boxd.it/Boyu
2025-10-21,Lights,1966,https://boxd.it/4NFY
2025-10-21,Der Fall Bachmeier - Keine Zeit für Tränen,1984,https://boxd.it/24ic
2025-10-21,Fake Dad,2025,https://boxd.it/NayY
2025-10-21,Chemical Wedding,2008,https://boxd.it/1NkK
2025-10-21,Gestalt,1999,https://boxd.it/dowq
2025-10-21,The Ceiling,2017,https://boxd.it/gk6O
2025-10-21,Next Floor,2008,https://boxd.it/3psY
2025-10-21,Rage,2016,https://boxd.it/cdsU
2025-10-21,Red Room,1999,https://boxd.it/jGa
2025-10-21,Rise of the Planet of the Apes,2011,https://boxd.it/cS4
2025-10-21,Skhizein,2008,https://boxd.it/x4k
2025-10-21,Artemide’s Knee,2008,https://boxd.it/7x3g
2025-10-21,Altiplano,2018,https://boxd.it/iU94
2025-10-21,Antichrist,2009,https://boxd.it/1Inu
2025-10-21,The Ugly Stepsister,2025,https://boxd.it/MZBM
2025-10-21,"Divers at Work on the Wreck of the ""Maine""",1898,https://boxd.it/3y5O
2025-10-21,Scenes From My Balcony,1901,https://boxd.it/f8qq
2025-10-21,Mission: Impossible – Dead Reckoning,2023,https://boxd.it/l7zS
2025-10-21,Thunderbolts*,2025,https://boxd.it/BfbQ
2025-10-21,Corpse Bride,2005,https://boxd.it/24WQ
2025-10-21,Passage of Venus,1874,https://boxd.it/ac9I
2025-10-21,R.M.N.,2022,https://boxd.it/yDoe
2025-10-21,Universal Language,2024,https://boxd.it/BlwA
2025-10-21,The Amateur,2025,https://boxd.it/F9NW
2025-10-21,To Cordoba,2012,https://boxd.it/ER7S
2025-10-21,A Gentle Night,2017,https://boxd.it/gkkG
2025-10-21,Adolescence,2025,https://boxd.it/TFGw
2025-10-21,Anora,2024,https://boxd.it/Egcw
2025-10-21,In My Eyes,2023,https://boxd.it/Gpru
2025-10-21,Happy Death Day,2017,https://boxd.it/fDz4
2025-10-21,There's Still Tomorrow,2023,https://boxd.it/COrw
2025-10-21,Flow,2024,https://boxd.it/v1Ei
2025-10-21,I Am Nezha 2,2023,https://boxd.it/Iww6
2025-10-21,In the Mood for Love 2001,2001,https://boxd.it/SUr0
2025-10-21,Terrifier 2,2022,https://boxd.it/oI10
2025-10-21,Particle Fever,2013,https://boxd.it/64y8
2025-10-21,The Condition of Dogs,2001,https://boxd.it/6thG
2025-10-21,AlphaGo,2017,https://boxd.it/geTA
2025-10-21,In the Mood for Love,2000,https://boxd.it/29tE
2025-10-21,Coal Iron,2010,https://boxd.it/GAL6
2025-10-21,Her Story,2024,https://boxd.it/M3ES
2025-10-21,Ne Zha 2,2025,https://boxd.it/B2qe
2025-10-21,Ne Zha,2019,https://boxd.it/mKSm
2025-10-21,开学第一课,,https://boxd.it/IuH2
2025-10-21,Legends of the Condor Heroes: The Gallants,2025,https://boxd.it/IYfM
2025-10-21,Rebels of the Neon God,1992,https://boxd.it/mp2
2025-10-21,Kaala,2018,https://boxd.it/gp6O
2025-10-21,Blood Simple,1984,https://boxd.it/1U16
2025-10-21,Godard Made in USA,2010,https://boxd.it/qL7k
2025-10-21,"Chambre 12, Hôtel de Suède",1993,https://boxd.it/4yjy
2025-10-21,Breathless,1960,https://boxd.it/2aIK
2025-10-21,Padak,2012,https://boxd.it/4jLi
2025-10-21,The Inspired Island:  Home In Two Cities,2011,https://boxd.it/tDnK
2025-10-21,As It Was,2023,https://boxd.it/Gi8U
2025-10-21,Persona,2022,https://boxd.it/A0MU
2025-10-21,Monsoon Blue,2023,https://boxd.it/J1Hu
2025-10-21,Home Alone,1990,https://boxd.it/29Fg
2025-10-21,Mirror Mechanics,2005,https://boxd.it/bOCg
2025-10-21,Mickey 17,2025,https://boxd.it/q1Dk
2025-10-21,Bogotá Story,2023,https://boxd.it/HKzw
2025-10-21,Guinea Pig Part 4: Devil Doctor Woman,1986,https://boxd.it/1b24
2025-10-21,Taiwan Province,2024,https://boxd.it/M8xC
2025-10-21,Touching,2021,https://boxd.it/B02E
2025-10-21,The Equalizer 2,2018,https://boxd.it/bAEW
2025-10-21,The Sound of Music,1965,https://boxd.it/1MLK
2025-10-21,The Climbers,2019,https://boxd.it/mc3Y
2025-10-21,Looking Up,2019,https://boxd.it/mhuA
2025-10-21,"My People, My Country",2019,https://boxd.it/mEjg
2025-10-21,The Wandering Earth,2019,https://boxd.it/jtJc
2025-10-21,Wolf Warrior 2,2017,https://boxd.it/g8Ho
2025-10-21,Red One,2024,https://boxd.it/vTBM
2025-10-21,Tales from the Gimli Hospital,1988,https://boxd.it/Y4G
2025-10-21,The Heart of the World,2000,https://boxd.it/Z3k
2025-10-21,Guinea Pig Part 3: He Never Dies,1986,https://boxd.it/2uV0
2025-10-21,Guinea Pig Part 2: Flower of Flesh and Blood,1985,https://boxd.it/1bp8
2025-10-21,Guinea Pig: Devil's Experiment,1985,https://boxd.it/1H9w
2025-10-21,National Theatre Live: Prima Facie,2022,https://boxd.it/Ao48
2025-10-21,Cesium Fallout,2024,https://boxd.it/NPpI
2025-10-21,The Lord of the Rings: The Fellowship of the Ring,2001,https://boxd.it/2b5O
2025-10-21,August Sky,2020,https://boxd.it/tFtU
2025-10-21,On the Border,2018,https://boxd.it/iLre
2025-10-21,The Last Dance,2024,https://boxd.it/Kz1u
2025-10-21,The Arrival of a Train at La Ciotat,1896,https://boxd.it/2aZw
2025-10-21,Coco,2017,https://boxd.it/bYJQ
2025-10-21,Fallen Art,2004,https://boxd.it/1rZ2
2025-10-21,Killing Time at Home,2003,https://boxd.it/asju
2025-10-21,The Employment,2008,https://boxd.it/PMk
2025-10-21,"4 Months, 3 Weeks and 2 Days",2007,https://boxd.it/27DW
2025-10-21,Terrifier,2016,https://boxd.it/eRzg
2025-10-21,Venom: The Last Dance,2024,https://boxd.it/ynqo
2025-10-21,Jour de Fête,1949,https://boxd.it/243Q
2025-10-21,Partly Cloudy,2009,https://boxd.it/1xzE
2025-10-21,Father and Daughter,2000,https://boxd.it/I2k
2025-10-21,Gladiator II,2024,https://boxd.it/kqQQ
2025-10-21,Gravity,2013,https://boxd.it/GZY
2025-10-21,Inside Out,2015,https://boxd.it/4KHC
2025-10-21,Big Hero 6,2014,https://boxd.it/5rje
2025-10-21,Frozen,2013,https://boxd.it/3GNa
2025-10-21,Green Book,2018,https://boxd.it/hErk
2025-10-21,The Martian,2015,https://boxd.it/8SeG
2025-10-21,Coherence,2013,https://boxd.it/6xza
2025-10-21,A.I. Artificial Intelligence,2001,https://boxd.it/29Ve
2025-10-21,2001: A Space Odyssey,1968,https://boxd.it/2bf0
2025-10-21,A Man Called Ove,2015,https://boxd.it/bHuY
2025-10-21,Brokeback Mountain,2005,https://boxd.it/2b2q
2025-10-21,Chungking Express,1994,https://boxd.it/1UDa
2025-10-21,The Sixth Sense,1999,https://boxd.it/29Js
2025-10-21,Memories of Matsuko,2006,https://boxd.it/1iVU
2025-10-21,The Dark Knight Rises,2012,https://boxd.it/H3m
2025-10-21,Happy Together,1997,https://boxd.it/1Ha0
2025-10-21,Shutter Island,2010,https://boxd.it/1U82
2025-10-21,The Butterfly Effect,2004,https://boxd.it/27M0
2025-10-21,Saving Private Ryan,1998,https://boxd.it/29ro
2025-10-21,Eat Drink Man Woman,1994,https://boxd.it/1Wem
2025-10-21,The Godfather Part II,1974,https://boxd.it/2aNq
2025-10-21,Devils on the Doorstep,2000,https://boxd.it/1v16
2025-10-21,Saw VI,2009,https://boxd.it/1A2y
2025-10-21,Lord of the Flies,1963,https://boxd.it/1Xqy
2025-10-21,The Making of 'The Last Emperor',2008,https://boxd.it/gMY0
2025-10-21,Bernardo Bertolucci's Chinese Adventure,1986,https://boxd.it/gEA0
2025-10-21,Postcards from China,1985,https://boxd.it/Qlm6
2025-10-21,Bernardo Bertolucci: The Italian Traveler,1987,https://boxd.it/eRPo
2025-10-21,Elephant,2003,https://boxd.it/287i
2025-10-21,Joker: Folie à Deux,2024,https://boxd.it/xBoE
2025-10-21,The Last Emperor,1987,https://boxd.it/29Ji
2025-10-21,Fête au village,1896,https://boxd.it/5MEM
2025-10-21,"Courses d'ânes: II, la course",1897,https://boxd.it/5MEC
2025-10-21,The Mechanical Butcher,1895,https://boxd.it/5JEu
2025-10-21,Roi et Reine d'Italie,1896,https://boxd.it/5MEs
2025-10-21,Japanese Actors: Wig Exercise,1897,https://boxd.it/5MEi
2025-10-21,Oil Gush Fire in Bibiheybat,1899,https://boxd.it/6eME
2025-10-21,The Card Game,1896,https://boxd.it/CX1W
2025-10-21,Serpentine Dance,1902,https://boxd.it/NPHM
2025-10-21,Skyscraper Symphony,1929,https://boxd.it/5KHa
2025-10-21,The Little Matchgirl,2006,https://boxd.it/15GM
2025-10-21,Atonement,2007,https://boxd.it/24ui
2025-10-21,The Cabin in the Woods,2011,https://boxd.it/1zOc
2025-10-21,To Live,1994,https://boxd.it/1j6S
2025-10-21,The Sprinkler Sprinkled,1895,https://boxd.it/2Slq
2025-10-21,Lumière!,2016,https://boxd.it/etNe
2025-10-21,Silenced,2011,https://boxd.it/2QGG
2025-10-21,The Brutalist,2024,https://boxd.it/k4BO
2025-10-21,Successor,2024,https://boxd.it/NA8i
2025-10-21,Upstream,2024,https://boxd.it/MBro
2025-10-21,The Pursuit of Happyness,2006,https://boxd.it/28PE
2025-10-21,"Our Time, Our Story",2002,https://boxd.it/cScy
2025-10-21,The Boys from Fengkuei,1983,https://boxd.it/3Ag0
2025-10-21,Parasite,2019,https://boxd.it/hTha
2025-10-21,A Chinese Odyssey Part Two: Cinderella,1995,https://boxd.it/2lzY
2025-10-21,The Substance,2024,https://boxd.it/zanS
2025-10-21,Infernal Affairs,2002,https://boxd.it/1Vqw
2025-10-21,3 Idiots,2009,https://boxd.it/1Dsa
2025-10-21,The Legend of 1900,1998,https://boxd.it/1WpY
2025-10-21,Hachi: A Dog's Tale,2009,https://boxd.it/1q4a
2025-10-21,A Place Called Silence,2024,https://boxd.it/NDiU
2025-10-21,Let the Bullets Fly,2010,https://boxd.it/Bba
2025-10-21,Léon: The Professional,1994,https://boxd.it/2b8S
2025-10-21,"Germany, Year Zero",1948,https://boxd.it/20FG
2025-10-21,Chinese Roulette,1976,https://boxd.it/1b2I
2025-10-21,"Good Night, Dear",1968,https://boxd.it/dRbm
2025-10-21,Your Name Engraved Herein,2020,https://boxd.it/qWwA
2025-10-21,Confessions,2010,https://boxd.it/uRS
2025-10-21,Black Mirror,2011,https://boxd.it/g9rm
2025-10-21,Hacksaw Ridge,2016,https://boxd.it/azew
2025-10-21,The Matrix,1999,https://boxd.it/2a1m
2025-10-21,Spectral,2016,https://boxd.it/ayYI
2025-10-21,Beasts of No Nation,2015,https://boxd.it/8Lp8
2025-10-21,A Sun,2019,https://boxd.it/n3uo
2025-10-21,The Great Buddha+,2017,https://boxd.it/h2rw
2025-10-21,Don't Breathe,2016,https://boxd.it/9yzw
2025-10-21,Maharaja,2024,https://boxd.it/GiAu
2025-10-21,Alien: Romulus,2024,https://boxd.it/zGqO
2025-10-21,Alien,1979,https://boxd.it/2awY
2025-10-21,Yi Yi,2000,https://boxd.it/1vCw
2025-10-21,The Shooting of 319,2019,https://boxd.it/nUWg
2025-10-21,Earth,1930,https://boxd.it/MP6
2025-10-21,Mean Girls,2004,https://boxd.it/1VNg
2025-10-21,Luca,2021,https://boxd.it/ipjC
2025-10-21,The Piano Tuner,2010,https://boxd.it/5LdA
2025-10-21,La Maison en Petits Cubes,2008,https://boxd.it/1D06
2025-10-21,Fluffy Ball,2022,https://boxd.it/AMcq
2025-10-21,Bullshot,1983,https://boxd.it/bvI
2025-10-21,The Square,2017,https://boxd.it/e5YW
2025-10-21,The Secret Life of Walter Mitty,2013,https://boxd.it/3SWy
2025-10-21,Unspeakable,2022,https://boxd.it/VVxu
2025-10-21,The Play House,1921,https://boxd.it/BAk
2025-10-21,Hard Luck,1921,https://boxd.it/158q
2025-10-21,Stand by Me,1986,https://boxd.it/2aOe
2025-10-21,Elephant in the Car,2020,https://boxd.it/rKYk
2025-10-21,Pay Day,1922,https://boxd.it/wAk
2025-10-21,Modern Times,1936,https://boxd.it/25MC
2025-10-21,Warm Bodies,2013,https://boxd.it/2TFm
2025-10-21,Date by the Sea,2021,https://boxd.it/M7Ia
2025-10-21,All This Surveillance,2019,https://boxd.it/Feqe
2025-10-21,Neighbors,1920,https://boxd.it/BAY
2025-10-21,The Goat,1921,https://boxd.it/BAE
2025-10-21,7 billion,2016,https://boxd.it/iuRu
2025-10-21,MEOW,2009,https://boxd.it/ECps
2025-10-21,Welcome to Kitty City,2011,https://boxd.it/mjqA
2025-10-21,Baaa,2011,https://boxd.it/aAVw
2025-10-21,malfunction,2014,https://boxd.it/aBfm
2025-10-21,Loop,2020,https://boxd.it/l4OA
2025-10-21,Cows & Cows & Cows,2010,https://boxd.it/ikYK
2025-10-21,Due Date,2010,https://boxd.it/YFs
2025-10-21,Murder in 405,1980,https://boxd.it/j2QK
2025-10-21,Blind Shaft,2003,https://boxd.it/1TJ2
2025-10-21,The Goddess,1934,https://boxd.it/3M8W
2025-10-21,Pegasus 2,2024,https://boxd.it/KFYM
2025-10-21,Convict 13,1920,https://boxd.it/15oo
2025-10-21,Andrei Rublev,1966,https://boxd.it/29lg
2025-10-21,Through the Olive Trees,1994,https://boxd.it/Lx6
2025-10-21,The Imitation Game,2014,https://boxd.it/6aig
2025-10-21,A Separation,2011,https://boxd.it/gvo
2025-10-21,Angst,1983,https://boxd.it/1G46
2025-10-21,"The Pig, the Snake and the Pigeon",2023,https://boxd.it/DAoU
2025-10-21,Insidious,2010,https://boxd.it/H4k
2025-10-21,The High Sign,1921,https://boxd.it/N0S
2025-10-21,Walkover,1965,https://boxd.it/562m
2025-10-21,Rosemary's Baby,1968,https://boxd.it/29zM
2025-10-21,8½,1963,https://boxd.it/2aqm
2025-10-21,Dolores Claiborne,1995,https://boxd.it/1SKo
2025-10-21,Room,2015,https://boxd.it/7T0y
2025-10-21,A Generation,1955,https://boxd.it/UMk
2025-10-21,Bloodrunner Zero,2018,https://boxd.it/SiME
2025-10-21,Hereditary,2018,https://boxd.it/hNVe
2025-10-21,Rain Man,1988,https://boxd.it/2avw
2025-10-21,Seven Chances,1925,https://boxd.it/1gRG
2025-10-21,Being John Malkovich,1999,https://boxd.it/2ahu
2025-10-21,Run Lola Run,1998,https://boxd.it/2b8o
2025-10-21,The Bourne Identity,2002,https://boxd.it/26EO
2025-10-21,Twisters,2024,https://boxd.it/qV7a
2025-10-21,Black Swan,2010,https://boxd.it/Sw0
2025-10-21,Children of Men,2006,https://boxd.it/1Y2i
2025-10-21,The Conjuring 2,2016,https://boxd.it/7GJg
2025-10-21,Orlando,1992,https://boxd.it/1Z1K
2025-10-21,Un Chien Andalou,1929,https://boxd.it/29Y8
2025-10-21,Titane,2021,https://boxd.it/nlQC
2025-10-21,Son of Saul,2015,https://boxd.it/b6r4
2025-10-21,Wings of Desire,1987,https://boxd.it/2b26
2025-10-21,Kung Fu Hustle,2004,https://boxd.it/1YBi
2025-10-21,Psycho,1960,https://boxd.it/2ab2
2025-10-21,Fanny's Journey,2016,https://boxd.it/dp3a
2025-10-21,The Cure,1995,https://boxd.it/21nI
2025-10-21,Kanal,1957,https://boxd.it/1mky
2025-10-21,Misery,1990,https://boxd.it/28gY
2025-10-21,Waterloo Bridge,1940,https://boxd.it/TuO
2025-10-21,Amour,2012,https://boxd.it/34Q6
2025-10-21,Gladiator,2000,https://boxd.it/2b9m
2025-10-21,Gone with the Wind,1939,https://boxd.it/29Fq
2025-10-21,Moonfall,2022,https://boxd.it/ejwM
2025-10-21,Curve,2016,https://boxd.it/dFF0
2025-10-21,Scarface,1932,https://boxd.it/29oa
2025-10-21,"Black Cat, White Cat",1998,https://boxd.it/295s
2025-10-21,The House Is Black,1963,https://boxd.it/STe
2025-10-21,Never Weaken,1921,https://boxd.it/S2k
2025-10-21,The General,1926,https://boxd.it/29co
2025-10-21,Boyhood,2014,https://boxd.it/3178
2025-10-21,Alice,1988,https://boxd.it/1G3C
2025-10-21,Suspense.,1913,https://boxd.it/3zPo
2025-10-21,Moon Man,2022,https://boxd.it/ubmc
2025-10-21,Girl with a Pearl Earring,2003,https://boxd.it/256G
2025-10-21,A Short Film About Love,1988,https://boxd.it/1jXC
2025-10-21,Grand Illusion,1937,https://boxd.it/29Ei
2025-10-21,Workers Leaving the Lumière Factory,1895,https://boxd.it/29EM
2025-10-21,The Kiss,1896,https://boxd.it/3i7u
2025-10-21,"Salò, or the 120 Days of Sodom",1975,https://boxd.it/237s
2025-10-21,Sallie Gardner at a Gallop,1878,https://boxd.it/5QQi
2025-10-21,Roundhay Garden Scene,1888,https://boxd.it/1K32
2025-10-21,M,1931,https://boxd.it/29vq
2025-10-21,Land of Mine,2015,https://boxd.it/b5ee
2025-10-21,Whiplash,2014,https://boxd.it/7bQA
2025-10-21,Incendies,2010,https://boxd.it/Msm
2025-10-21,A Beautiful Mind,2001,https://boxd.it/2amk
2025-10-21,Harry Potter and the Deathly Hallows: Part 2,2011,https://boxd.it/1RYk
2025-10-21,Harry Potter and the Deathly Hallows: Part 1,2010,https://boxd.it/1RYu
2025-10-21,Harry Potter and the Half-Blood Prince,2009,https://boxd.it/29FU
2025-10-21,Harry Potter and the Order of the Phoenix,2007,https://boxd.it/29Qe
2025-10-21,Twilight,2008,https://boxd.it/1Zui
2025-10-21,Harry Potter and the Goblet of Fire,2005,https://boxd.it/29Qo
2025-10-21,Ollie,2023,https://boxd.it/K2bw
2025-10-21,Harry Potter and the Prisoner of Azkaban,2004,https://boxd.it/29Qy
2025-10-21,The Kármán Line,2014,https://boxd.it/9lfS
2025-10-21,12 Angry Men,1957,https://boxd.it/2auI
2025-10-21,Memories of Murder,2003,https://boxd.it/1TSo
2025-10-21,Darkest Hour,2017,https://boxd.it/dZZa
2025-10-21,The Usual Suspects,1995,https://boxd.it/29XE
2025-10-21,Some Thing,2015,https://boxd.it/iT6I
2025-10-21,Yolo,2024,https://boxd.it/KHie
2025-10-21,It,2017,https://boxd.it/bC8e
2025-10-21,Dead Poets Society,1989,https://boxd.it/2aSg
2025-10-21,Dune: Part Two,2024,https://boxd.it/pUfA
2025-10-21,"Rome, Open City",1945,https://boxd.it/2aD6
2025-10-21,La Strada,1954,https://boxd.it/2asi
2025-10-21,The King's Speech,2010,https://boxd.it/dX0
2025-10-21,Insomnia,2002,https://boxd.it/2aB0
2025-10-21,An Elephant Sitting Still,2018,https://boxd.it/i1EQ
2025-10-21,Piper,2016,https://boxd.it/dZaG
2025-10-21,Fight Club,1999,https://boxd.it/2a9q
2025-10-21,Dune,2021,https://boxd.it/fA7G
2025-10-21,Le Samouraï,1967,https://boxd.it/22ZI
2025-10-21,City of God,2002,https://boxd.it/2a2a
2025-10-21,Titanic,1997,https://boxd.it/2a2k
2025-10-21,The Dancing Pig,1907,https://boxd.it/4xxO
2025-10-21,Safety Last!,1923,https://boxd.it/1AkW
2025-10-21,The 400 Blows,1959,https://boxd.it/2b1C
2025-10-21,Johnny Keep Walking!,2023,https://boxd.it/ItNy
2025-10-21,Nobody Knows,2004,https://boxd.it/26E0
2025-10-21,Tenet,2020,https://boxd.it/leq4
2025-10-21,100 Yen Love,2014,https://boxd.it/a8tk
2025-10-21,Bilby,2018,https://boxd.it/jdkA
2025-10-21,A Brighter Summer Day,1991,https://boxd.it/1Luy
2025-10-21,Alleycats,2017,https://boxd.it/o8na
2025-10-21,Soul,2020,https://boxd.it/ioLA
2025-10-21,Overrun,2017,https://boxd.it/hzHC
2025-10-21,One Flew Over the Cuckoo's Nest,1975,https://boxd.it/2aeA
2025-10-21,Identity,2003,https://boxd.it/26e2
2025-10-21,Runaway Jury,2003,https://boxd.it/1U7o
2025-10-21,Total Fury,2007,https://boxd.it/cb0u
2025-10-21,Room 8,2013,https://boxd.it/5N7a
2025-10-21,Doodlebug,1997,https://boxd.it/TZC
2025-10-21,Floor 9.5,2017,https://boxd.it/ifUo
2025-10-21,Le Trou,1960,https://boxd.it/1nSw
2025-10-21,Invictus,2009,https://boxd.it/1zPk
2025-10-21,Death's Game,2023,https://boxd.it/KPou
2025-10-21,Run with the Wind,2018,https://boxd.it/rG30
2025-10-21,The Autobots,2015,https://boxd.it/k3JM
2025-10-21,Liverleaf,2018,https://boxd.it/hZDm
2025-10-21,The Curious Case of Benjamin Button,2008,https://boxd.it/23Fk
2025-10-21,Saw V,2008,https://boxd.it/1SMa
2025-10-21,Ju-on: The Grudge,2002,https://boxd.it/1SY6
2025-10-21,Virgin Mountain,2015,https://boxd.it/aorY
2025-10-21,The Green Planet,2022,https://boxd.it/yXpw
2025-10-21,Saw IV,2007,https://boxd.it/29Sa
2025-10-21,Unfriended: Dark Web,2018,https://boxd.it/ifs0
2025-10-21,Unfriended,2014,https://boxd.it/8sXg
2025-10-21,Saw III,2006,https://boxd.it/2aRC
2025-10-21,Sunset Boulevard,1950,https://boxd.it/2a20
2025-10-21,Sherlock Jr.,1924,https://boxd.it/298m
2025-10-21,One Week,1920,https://boxd.it/1zr8
2025-10-21,Our Hospitality,1923,https://boxd.it/29Mm
2025-10-21,Joker,2019,https://boxd.it/h4cS
2025-10-21,Satantango,1994,https://boxd.it/1j9M
2025-10-21,Werckmeister Harmonies,2000,https://boxd.it/1zzw
2025-10-21,Incantation,2022,https://boxd.it/wFiI
2025-10-21,The Shining,1980,https://boxd.it/29Nu
2025-10-21,Blade Runner,1982,https://boxd.it/2bcA
2025-10-21,The Platform,2019,https://boxd.it/mUm6
2025-10-21,There Will Be Blood,2007,https://boxd.it/20Z2
2025-10-21,The Boy in the Striped Pyjamas,2008,https://boxd.it/1NOK
2025-10-21,Passengers,2016,https://boxd.it/8lFu
2025-10-21,I Spit on Your Grave,2010,https://boxd.it/Tbs
2025-10-21,Cargo,2013,https://boxd.it/5yVO
2025-10-21,The Conjuring,2013,https://boxd.it/4sr2
2025-10-21,Harry Potter and the Chamber of Secrets,2002,https://boxd.it/29QI
2025-10-21,No Country for Old Men,2007,https://boxd.it/21ew
2025-10-21,Saw II,2005,https://boxd.it/2aRs
2025-10-21,Harry Potter and the Philosopher's Stone,2001,https://boxd.it/29QS
2025-10-21,Flipped,2010,https://boxd.it/Tb8
2025-10-21,Rocky Balboa,2006,https://boxd.it/291q
2025-10-21,Witness for the Prosecution,1957,https://boxd.it/18H4
2025-10-21,Mr. Tree,2011,https://boxd.it/3b7s
2025-10-21,Prequel of the Monkey King,2009,https://boxd.it/hQ6e
2025-10-21,Calls,2021,https://boxd.it/ve22
2025-10-21,Phone Booth,2002,https://boxd.it/285G
2025-10-21,Cube,1997,https://boxd.it/2aoU
2025-10-21,The Fall,2006,https://boxd.it/1NoM
2025-10-21,Searching,2018,https://boxd.it/hDPg
2025-10-21,Kill Bill: Vol. 1,2003,https://boxd.it/70w
2025-10-21,China's Post-00s,2019,https://boxd.it/QImo
2025-10-21,The Truman Show,1998,https://boxd.it/18U8
2025-10-21,Downfall,2004,https://boxd.it/2a04
2025-10-21,Inception,2010,https://boxd.it/1skk
2025-10-21,The Gold Rush,1925,https://boxd.it/29ce
2025-10-21,Mission: Impossible – Fallout,2018,https://boxd.it/bSVc
2025-10-21,Interstellar,2014,https://boxd.it/4VZ8
2025-10-21,Heat,1995,https://boxd.it/2bg8
2025-10-21,Bicycle Thieves,1948,https://boxd.it/23hW
2025-10-21,The Day After Tomorrow,2004,https://boxd.it/2aog
2025-10-21,Zootopia,2016,https://boxd.it/84xS
2025-10-21,Forrest Gump,1994,https://boxd.it/728
2025-10-21,Farewell My Concubine,1993,https://boxd.it/1UTM
2025-10-21,Life of Pi,2012,https://boxd.it/37pC
2025-10-21,Dangal,2016,https://boxd.it/chfU
2025-10-21,Dying to Survive,2018,https://boxd.it/jnEA
2025-10-21,The Chorus,2004,https://boxd.it/22X8
2025-10-21,The Shawshank Redemption,1994,https://boxd.it/2aHi
2025-10-21,The Dark Knight,2008,https://boxd.it/2b0k
2025-10-21,Full Metal Jacket,1987,https://boxd.it/2a1Q
2025-10-21,Blood Diamond,2006,https://boxd.it/28Tm
2025-10-21,Source Code,2011,https://boxd.it/fdo
2025-10-21,The Invisible Guest,2016,https://boxd.it/euce
2025-10-21,The English Patient,1996,https://boxd.it/2arE
2025-10-21,Se7en,1995,https://boxd.it/29zs
2025-10-21,Cinema Paradiso,1988,https://boxd.it/1UlA
2025-10-21,Bohemian Rhapsody,2018,https://boxd.it/f1TK
2025-10-21,Once Upon a Time in America,1984,https://boxd.it/2aCs
2025-10-21,Detachment,2011,https://boxd.it/2BiY
2025-10-21,The Lives of Others,2006,https://boxd.it/2a4A
2025-10-21,Memento,2000,https://boxd.it/2bcK
2025-10-21,Landscape in the Mist,1988,https://boxd.it/JRy
2025-10-21,Call Me by Your Name,2017,https://boxd.it/dYmm
2025-10-21,Scent of a Woman,1992,https://boxd.it/1YAu
2025-10-21,The Pianist,2002,https://boxd.it/2aqc
2025-10-21,The Cremator,1969,https://boxd.it/1H8y
2025-10-21,Manchester by the Sea,2016,https://boxd.it/b2L0
2025-10-21,The Prestige,2006,https://boxd.it/293w
2025-10-21,The Hunt,2012,https://boxd.it/3wEC
2025-10-21,Pulp Fiction,1994,https://boxd.it/29Pq
2025-10-21,The Silence of the Lambs,1991,https://boxd.it/2aHW
2025-10-21,Good Will Hunting,1997,https://boxd.it/2ahY
2025-10-21,The Grand Budapest Hotel,2014,https://boxd.it/3ZqO
2025-10-21,Apocalypto,2006,https://boxd.it/28yy
2025-10-21,The Intouchables,2011,https://boxd.it/2FT0
2025-10-21,Trainspotting,1996,https://boxd.it/29XY
2025-10-21,"Lock, Stock and Two Smoking Barrels",1998,https://boxd.it/2b92
2025-10-21,A Clockwork Orange,1971,https://boxd.it/2aVE
2025-10-21,Following,1998,https://boxd.it/1Tj4
2025-10-21,A Perfect World,1993,https://boxd.it/1Yng
2025-10-21,Schindler's List,1993,https://boxd.it/2aq2
2025-10-21,Das Boot,1981,https://boxd.it/2av2
2025-10-21,1917,2019,https://boxd.it/jj4y
2025-10-21,Dead Silence,2007,https://boxd.it/1OWK
2025-10-21,Saw,2004,https://boxd.it/2aWW
2025-10-21,Life Is Beautiful,1997,https://boxd.it/29Wm
2025-10-21,All Quiet on the Western Front,2022,https://boxd.it/H08
2025-10-21,The Bucket List,2007,https://boxd.it/20Ye
2025-10-21,Apocalypse Now,1979,https://boxd.it/6ZS
2025-10-21,Deep Sea,2023,https://boxd.it/oRIs
2025-10-21,The Battle at Lake Changjin,2021,https://boxd.it/thB6
2025-10-21,Oceans Rising,2017,https://boxd.it/fLnK
2025-10-21,2012,2009,https://boxd.it/1OE2
2025-10-21,Dunkirk,2017,https://boxd.it/d0Y6
2025-10-21,Breakfast,2019,https://boxd.it/mSO8
2025-10-21,Braveheart,1995,https://boxd.it/2aTI
2025-10-21,The Scarecrow,1920,https://boxd.it/BB8
2025-10-21,The Godfather,1972,https://boxd.it/2aNK
2025-10-22,About Time,2013,https://boxd.it/43bI
2025-10-22,Heart and Yummie,2010,https://boxd.it/3avS
2025-10-23,Gone Girl,2014,https://boxd.it/6hQu
2025-10-23,New Dragon Gate Inn,1992,https://boxd.it/12dC
2025-10-23,How to Train Your Dragon,2010,https://boxd.it/1WRy
2025-10-23,Your Name.,2016,https://boxd.it/cUqs
2025-10-24,Pride & Prejudice,2005,https://boxd.it/24u8
2025-10-25,Amélie,2001,https://boxd.it/2aUc
2025-10-25,New World,2013,https://boxd.it/588Q
2025-10-25,In the Heat of the Sun,1994,https://boxd.it/523q
2025-10-26,Toy Story 3,2010,https://boxd.it/1WRe
2025-10-26,Monsters University,2013,https://boxd.it/bQm
2025-10-26,"Monsters, Inc.",2001,https://boxd.it/2a46
2025-10-26,"Lust, Caution",2007,https://boxd.it/244k
2025-10-27,The Godfather Part III,1990,https://boxd.it/2aN6
2025-10-27,The Boss's Woman,2013,https://boxd.it/umMU
2025-10-27,See Through,2008,https://boxd.it/mPny
2025-10-27,Nezha Conquers the Dragon King,1979,https://boxd.it/2zQu
2025-10-27,The Terminal,2004,https://boxd.it/2a2O
2025-10-28,Hail the Judge,1994,https://boxd.it/svK
2025-10-29,Everything Goes,2004,https://boxd.it/bP0s
2025-10-29,The Wedding Banquet,1993,https://boxd.it/1Z82
2025-10-30,Django Unchained,2012,https://boxd.it/2cCk
2025-10-30,Sunny,2011,https://boxd.it/2FoG
2025-10-30,Train to Busan,2016,https://boxd.it/dSQU
2025-10-30,Despicable Me,2010,https://boxd.it/1DD8
2025-10-31,Mary and Max,2009,https://boxd.it/1y2m
2025-10-31,Big Fish,2003,https://boxd.it/2a3M
2025-11-01,Le Rouge et le Noir,2016,https://boxd.it/zPP4
2025-11-01,The Terror Live,2013,https://boxd.it/6gEs
2025-11-03,The Matrix Reloaded,2003,https://boxd.it/2a1c
2025-11-03,"Back to Back, Face to Face",1994,https://boxd.it/9l0y
2025-11-03,The Matrix Revolutions,2003,https://boxd.it/2a12
2025-11-03,The Croods,2013,https://boxd.it/FRE
2025-11-04,"Three Billboards Outside Ebbing, Missouri",2017,https://boxd.it/ceBS
2025-11-04,Our Little Sister,2015,https://boxd.it/abBm
2025-11-06,The Bourne Ultimatum,2007,https://boxd.it/26Eu
2025-11-06,Wreaths at the Foot of the Mountain,1984,https://boxd.it/7DHm
2025-11-06,Grave of the Fireflies,1988,https://boxd.it/1RUM
2025-11-06,The Myth,2005,https://boxd.it/1Tkc
2025-11-07,The Nine-Colored Deer,1981,https://boxd.it/711M
2025-11-07,The Bourne Legacy,2012,https://boxd.it/H16
2025-11-07,Tower Heist,2011,https://boxd.it/iQI
2025-11-08,Drop,2025,https://boxd.it/LyPq
2025-11-09,Dallas Buyers Club,2013,https://boxd.it/4O8G
2025-11-09,A Better Tomorrow,1986,https://boxd.it/1TLW
2025-11-10,Thelma & Louise,1991,https://boxd.it/28Ew
2025-11-10,Once a Thief,1991,https://boxd.it/KLG
2025-11-11,The Green Mile,1999,https://boxd.it/2agG
2025-11-11,Wreck-It Ralph,2012,https://boxd.it/2TTS
2025-11-12,Paranoid Park,2007,https://boxd.it/27GQ
2025-11-12,Crazy Stone,2006,https://boxd.it/PGm
2025-11-12,Shoplifters,2018,https://boxd.it/ifY6
2025-11-13,Singin' in the Rain,1952,https://boxd.it/29oY
2025-11-13,Ice Age,2002,https://boxd.it/2apS
2025-11-13,pb,2003,https://boxd.it/l8au
2025-11-14,Deep in the Heart,2014,https://boxd.it/9bdM
2025-11-14,Kiki's Delivery Service,1989,https://boxd.it/1JAY
2025-11-15,Now You See Me,2013,https://boxd.it/2Bsu
2025-11-15,Now You See Me 2,2016,https://boxd.it/99fw
2025-11-15,Michael Jackson's Thriller,1983,https://boxd.it/3e76
2025-11-15,Now You See Me: Now You Don't,2025,https://boxd.it/f3i2
2025-11-16,Robot Dreams,2023,https://boxd.it/vBZm
2025-11-16,Hotel Rwanda,2004,https://boxd.it/2aSA
2025-11-19,Triangle,2009,https://boxd.it/1tQG
2025-11-22,Wild Tales,2014,https://boxd.it/7UmK
2025-11-24,City Lights,1931,https://boxd.it/29ki
2025-11-28,"20,000 Leagues Under the Sea",1954,https://boxd.it/2aXq
2025-11-28,Regarding Henry,1991,https://boxd.it/1U1K
2025-12-14,La La Land,2016,https://boxd.it/a5fa
2025-12-17,Inglourious Basterds,2009,https://boxd.it/1JzG
2025-12-20,Zootopia 2,2025,https://boxd.it/F0vO
2025-12-22,Gattaca,1997,https://boxd.it/29Du
2025-12-23,Don't Look Now... We're Being Shot At!,1966,https://boxd.it/20oq
2025-12-25,The Patriot,2000,https://boxd.it/27Bw
2025-12-28,Rashomon,1950,https://boxd.it/2a9K
2025-12-28,Seven Samurai,1954,https://boxd.it/2axi
2025-12-28,Hibiscus Town,1987,https://boxd.it/43vS
2025-12-28,Echoes of the Rainbow,2010,https://boxd.it/13kO
2025-12-28,Hachiko,1987,https://boxd.it/1iqs
2025-12-28,Mad Max: Fury Road,2015,https://boxd.it/2DjO
2025-12-29,We Made a Beautiful Bouquet,2021,https://boxd.it/pZDC
2025-12-29,Slumdog Millionaire,2008,https://boxd.it/1S3E
2025-12-29,Mountain Patrol,2004,https://boxd.it/1KSO
2025-12-29,Terminator 2: Judgment Day,1991,https://boxd.it/2aGY
2025-12-29,Raise the Red Lantern,1991,https://boxd.it/1WlC
2025-12-29,A Little Thing Called Love,2010,https://boxd.it/mga
2025-12-29,Ponyo,2008,https://boxd.it/1S0A
2025-12-29,Love Actually,2003,https://boxd.it/2aeU
2025-12-29,The Notebook,2004,https://boxd.it/1UNE
2025-12-29,Still Walking,2008,https://boxd.it/1wvm
2025-12-29,The Handmaiden,2016,https://boxd.it/948A
2025-12-29,Lord of War,2005,https://boxd.it/284y
2025-12-29,Spider-Man: Into the Spider-Verse,2018,https://boxd.it/azpY
2025-12-29,Ghost in the Shell,1995,https://boxd.it/1YYc
2025-12-30,Scum,1979,https://boxd.it/1vK6
2026-01-02,Elevator to the Gallows,1958,https://boxd.it/294u
2026-01-03,"Sortie d'usine, [III]",1896,https://boxd.it/ardg
2026-01-03,The Photographical Congress Arrives in Lyon,1895,https://boxd.it/6ek6
2026-01-03,Demolition of a Wall,1896,https://boxd.it/4eFO
2026-01-03,The Card Game,1896,https://boxd.it/54S6
2026-01-03,The Blacksmiths,1895,https://boxd.it/4bfe
2026-01-03,Baby's Meal,1895,https://boxd.it/426C
2026-01-03,Panorama de l'arrivée en gare de Perrache pris du train,1896,https://boxd.it/5LrC
2026-01-03,Arrival of a Train at Perrache,1896,https://boxd.it/5LpQ
2026-01-03,Cordeliers' Square in Lyon,1895,https://boxd.it/4bfo
2026-01-03,"Lyon, place Bellecour",1895,https://boxd.it/6O86
2026-01-03,Baby's First Steps,1896,https://boxd.it/5PZe
2026-01-03,The Little Girl and Her Cat,1899,https://boxd.it/5SRs
2026-01-03,Boules Game,1896,https://boxd.it/5LoS
2026-01-03,Place du Pont,1897,https://boxd.it/5Syg
2026-01-03,Lyon: Quai de l'Archevêché,1896,https://boxd.it/5Lqk
2026-01-03,Fishing for Goldfish,1895,https://boxd.it/4beA
2026-01-03,Petit frère et petite sœur,1897,https://boxd.it/arum
2026-01-03,Children Digging for Clams,1896,https://boxd.it/4NT2
2026-01-03,Le goûter des bébés,1897,https://boxd.it/5MF6
2026-01-03,Swimming in the Sea,1895,https://boxd.it/4b7a
2026-01-03,Workers Repairing a Sidewalk with Bitumen,1898,https://boxd.it/5Yh6
2026-01-03,Loading a Boiler,1896,https://boxd.it/4NSS
2026-01-03,Ateliers de La Ciotat,1896,https://boxd.it/5JDw
2026-01-03,Procession of Baby Carriages at a Paris Nursery,1899,https://boxd.it/5SYe
2026-01-03,Children Playing Marbles,1896,https://boxd.it/5LqE
2026-01-03,Carmaux: Drawing Out the Coke,1896,https://boxd.it/4VZM
2026-01-03,Washerwomen on the River,1897,https://boxd.it/5MG4
2026-01-03,Transport of a Turret by a Team of 60 Horses,1897,https://boxd.it/5Spe
2026-01-03,Sardine Fishing,1896,https://boxd.it/arac
2026-01-03,Pompiers à Lyon,1896,https://boxd.it/5tjU
2026-01-03,Départ de cyclistes,1896,https://boxd.it/5RuC
2026-01-03,Bains sur la Saône,1897,https://boxd.it/6Ov0
2026-01-03,Jumping the Blanket,1895,https://boxd.it/4beU
2026-01-03,Horse Trick Riders,1895,https://boxd.it/4aiw
2026-01-03,Attelage d'un camion,1897,https://boxd.it/5SwE
2026-01-03,Sack Race,1896,https://boxd.it/5Lq0
2026-01-03,Partie de boules,1896,https://boxd.it/4Zns
2026-01-03,Backgammon Game,1895,https://boxd.it/5R3Q
2026-01-03,Départ en voiture,1896,https://boxd.it/5JDG
2026-01-03,Chamonix: la mer de glace. Descente.,1900,https://boxd.it/cHVs
2026-01-03,Fête de Paris 1899: Concours d'automobiles fleuries (départ),1899,https://boxd.it/7OD6
2026-01-03,Bassin des Tuileries,1896,https://boxd.it/5Lpw
2026-01-03,Panorama during the Ascent of the Eiffel Tower,1898,https://boxd.it/6O8K
2026-01-03,The Kremos: Perilous Jumps,1899,https://boxd.it/5SRC
2026-01-03,The Kremos: Pyramid,1899,https://boxd.it/7hBQ
2026-01-03,"Panorama des rives de la Seine à Paris, III",1897,https://boxd.it/6O2M
2026-01-03,Les Escaliers du Pont de l'Alma,1900,https://boxd.it/6ObO
2026-01-03,In Front of Notre-Dame,1897,https://boxd.it/cHVi
2026-01-03,Place de la Concorde (Obelisk and Fountains),1897,https://boxd.it/cHVC
2026-01-03,La Canebière,1896,https://boxd.it/5RyE
2026-01-03,Panorama of the Grand Canal Taken from a Boat,1896,https://boxd.it/5LrW
2026-01-03,Danse au bivouac,1896,https://boxd.it/5QUa
2026-01-03,Rentrée à l'étable,1896,https://boxd.it/6O5m
2026-01-03,Fort-de-France : marché,1902,https://boxd.it/cI2S
2026-01-03,Biarritz : la plage et la mer,1900,https://boxd.it/aqUo
2026-01-03,Déchargement d’un navire,1896,https://boxd.it/cI32
2026-01-03,"London, Cinematography Entry",1896,https://boxd.it/5LqO
2026-01-03,Pont de Westminster,1896,https://boxd.it/5R4a
2026-01-03,"Liverpool, panorama pris du chemin de fer électrique, IV",1897,https://boxd.it/cI3c
2026-01-03,Berlin: Panoptikum,1896,https://boxd.it/5Loe
2026-01-03,"Jérusalem : porte de Jaffa, côté Est",1897,https://boxd.it/5RCQ
2026-01-03,Caravane de chameaux,1897,https://boxd.it/cI3w
2026-01-03,"Constantinople, panorama de la corne d'or",1897,https://boxd.it/5RDa
2026-01-03,"Belfast, exercices de sauvetage",1897,https://boxd.it/bwW8
2026-01-03,"Dublin, pompiers : un incendie, II",1897,https://boxd.it/cI3m
2026-01-03,The Pyramids (Overview),1897,https://boxd.it/5RCw
2026-01-03,Le Bey de Tunis et les personnages de sa suite descendant l'escalier du Bardo,1903,https://boxd.it/5Q10
2026-01-03,"Moscow, Tverskaia Street",1896,https://boxd.it/5R0M
2026-01-03,New York: Broadway at Union Square,1896,https://boxd.it/5t12
2026-01-03,Chicago Police Parade,1896,https://boxd.it/5t0S
2026-01-03,Horses Bathing,1896,https://boxd.it/5R1K
2026-01-03,Indochina: Children Gathering Coins Scattered by Western Women,1899,https://boxd.it/5PY6
2026-01-03,Embarquement d'un bœuf à bord d'un navire,1899,https://boxd.it/5TlW
2026-01-03,Lutteurs japonais,1898,https://boxd.it/avIi
2026-01-03,"Arroseur et arrosé, III",1897,https://boxd.it/atvw
2026-01-03,24th Mountain Infantry: Boxing Lesson,1897,https://boxd.it/5PXW
2026-01-03,Querelle de matelassières,1898,https://boxd.it/5RBy
2026-01-03,Humorous Rollerskater,1896,https://boxd.it/5Q1k
2026-01-03,Football,1897,https://boxd.it/5SxW
2026-01-03,The Nanny and the Soldier,1897,https://boxd.it/5JE0
2026-01-03,The Lover in the Bag,1898,https://boxd.it/5RCG
2026-01-03,Transformation by Hats,1895,https://boxd.it/4BeG
2026-01-03,Explosion en mer,1898,https://boxd.it/cI3Q
2026-01-03,Danseuse de ballet,1897,https://boxd.it/6O60
2026-01-03,"A View Taken from a Mobile Platform, I",1900,https://boxd.it/cI4k
2026-01-03,Automobile Accident,1905,https://boxd.it/5U4W
2026-01-03,Vue prise d'une baleinière en marche,1900,https://boxd.it/5PYq
2026-01-03,Scaphandrier,1896,https://boxd.it/5R4O
2026-01-03,"Lyon, travaux au canal de Jonage: Machine à damer",1897,https://boxd.it/5Loo
2026-01-03,Lancement du 'Varèse' à Livourne,1899,https://boxd.it/5W4O
2026-01-03,The Oil Gush in Balakhany,1899,https://boxd.it/5JQA
2026-01-03,Locomobile,1897,https://boxd.it/cI4a
2026-01-03,27ème chasseurs alpins : assaut d'un mur,1897,https://boxd.it/cI40
2026-01-03,Passengers Descending from the Brooklyn Bridge,1896,https://boxd.it/5R0i
2026-01-03,Bocal aux poissons rouges,1897,https://boxd.it/5JDm
2026-01-03,Mauvais temps au port,1899,https://boxd.it/cI4u
2026-01-03,"In Single File on Glaciers With Snowshoes, l. Montée",1899,https://boxd.it/cI4E
2026-01-03,"In Single File on the Mountain, l. Montée",1899,https://boxd.it/cI4O
2026-01-03,Opium Den,1899,https://boxd.it/5Tne
2026-01-03,Serpentine Dance,1897,https://boxd.it/54si
2026-01-03,The Dancing Skeleton,1898,https://boxd.it/4aIa
2026-01-03,Lancement d'un navire,1896,https://boxd.it/5Lrs
2026-01-03,Panorama Taken from a Tethered Balloon,1898,https://boxd.it/6OuQ
2026-01-03,Pistol Duel,1896,https://boxd.it/5QeS
2026-01-03,Snowball Fight,1897,https://boxd.it/4Bem
2026-01-03,Le village de Namo - Panorama pris d'une chaise à porteurs,1900,https://boxd.it/5Ttw
2026-01-03,Colleurs d'affiches,1897,https://boxd.it/5RBI
2026-01-03,Writing Backwards,1896,https://boxd.it/5QUk
2026-01-03,Boat Leaving the Port,1895,https://boxd.it/4e02
2026-01-04,Oppenheimer,2023,https://boxd.it/wUow
2026-01-04,Larceny,1996,https://boxd.it/gj4C
2026-01-04,Patch Adams,1998,https://boxd.it/1Wzk
2026-01-05,Batman Begins,2005,https://boxd.it/2aIg
2026-01-06,The Room Next Door,2024,https://boxd.it/Fb4k
2026-01-07,All We Imagine as Light,2024,https://boxd.it/yXaQ
2026-01-07,"Gustav Mahler - Symphony No.2 ""Resurrection"" - Claudio Abbado",2003,https://boxd.it/EDPG
2026-01-08,Burning,2018,https://boxd.it/hHUa
2026-01-08,Barbarian,2022,https://boxd.it/yohi
2026-01-09,Fury,1936,https://boxd.it/1NJg
2026-01-09,Come and See,1985,https://boxd.it/1w9q
2026-01-10,The Rough House,1917,https://boxd.it/BBi
2026-01-10,The Lodger: A Story of the London Fog,1927,https://boxd.it/26m6
2026-01-11,Always Tell Your Wife,1923,https://boxd.it/dwoO
2026-01-11,The Mountain Eagle,1926,https://boxd.it/3Bui
2026-01-11,The Pleasure Garden,1925,https://boxd.it/1os
2026-01-12,Poirot,2003,https://boxd.it/10hOU
2026-01-13,Les Mains négatives,1978,https://boxd.it/55pa
2026-01-13,The Dead,1987,https://boxd.it/13vC
2026-01-13,The Ring,1927,https://boxd.it/1br4
2026-01-14,Holy Motors,2012,https://boxd.it/3wai
2026-01-15,Our Memory,2022,https://boxd.it/AQhk
2026-01-15,Watercolor,1958,https://boxd.it/6rLa
2026-01-15,2000 Meters to Andriivka,2025,https://boxd.it/RSH4
2026-01-15,Strangulation Blues,1980,https://boxd.it/cWY2
2026-01-16,Boy Meets Girl,1984,https://boxd.it/8Ti
2026-01-16,Saw 3D,2010,https://boxd.it/Znk
2026-01-17,It's Not Me,2024,https://boxd.it/GZec
2026-01-17,Jigsaw,2017,https://boxd.it/9sDs
2026-01-17,Saw,2003,https://boxd.it/7eiG
2026-01-18,Mauvais Sang,1986,https://boxd.it/5c6
2026-01-18,Beijing 2008 Olympic Opening Ceremony,2008,https://boxd.it/1tEq
2026-01-19,King of Comedy,1999,https://boxd.it/xco
2026-01-19,The Black Hole,2008,https://boxd.it/3Ao4
2026-01-19,A Long Shot,2023,https://boxd.it/IV6W
2026-01-19,Balance,1989,https://boxd.it/ScO
2026-01-19,Wind,1996,https://boxd.it/7fZQ
2026-01-19,The Lovers on the Bridge,1991,https://boxd.it/26li
2026-01-19,Falling Leaves,1912,https://boxd.it/4GkO
2026-01-19,The Haunted House,1921,https://boxd.it/BAO
2026-01-19,Allures,1961,https://boxd.it/4xL2
2026-01-19,The Colour Out of Space,2017,https://boxd.it/iY3k
2026-01-19,"T,O,U,C,H,I,N,G",1969,https://boxd.it/54Sq
2026-01-19,Cycles,2010,https://boxd.it/7fAm
2026-01-19,MOO!,2007,https://boxd.it/j88O
2026-01-19,HONK,2023,https://boxd.it/IXFk
2026-01-19,Sans Titre,1997,https://boxd.it/4sLc
2026-01-20,The Elephant Man,1980,https://boxd.it/27LQ
2026-01-21,Before Sunset,2004,https://boxd.it/2bcg
2026-01-21,Miracle in Cell No. 7,2013,https://boxd.it/4Xws
2026-01-22,The Seed of the Sacred Fig,2024,https://boxd.it/MKo4
2026-01-22,Land,2021,https://boxd.it/m5b2
2026-01-23,My Last Minute,2006,https://boxd.it/YTL6
2026-01-24,Pola X,1999,https://boxd.it/1c20
2026-01-24,Time Still Turns the Pages,2023,https://boxd.it/Aap2
2026-01-25,Pink Floyd: The Wall,1982,https://boxd.it/1Sxk
2026-01-25,Girls Will Be Girls,2024,https://boxd.it/FVUw
2026-01-25,The Mermaid,2016,https://boxd.it/di0S
2026-01-26,Tokyo!,2008,https://boxd.it/1ZxG
2026-01-27,Amadeus,1984,https://boxd.it/2aH8
2026-01-28,The Emoji Movie,2017,https://boxd.it/d9x4
2026-01-28,A Bug's Life,1998,https://boxd.it/1Yyy
2026-01-29,Dances with Wolves,1990,https://boxd.it/2a4K
2026-01-30,Early Spring,1956,https://boxd.it/1DkA
2026-01-30,Little Girl Blue,2023,https://boxd.it/Fs4G
2026-01-31,The Passengers of the Night,2022,https://boxd.it/xPBi
2026-02-01,Greedy People,2024,https://boxd.it/ANiu
2026-02-01,Hymn to Merde,2009,https://boxd.it/bVuo
2026-02-01,Gradiva,2014,https://boxd.it/8rEC
2026-02-03,Marshland,2014,https://boxd.it/6Yjo
2026-02-03,No Other Land,2024,https://boxd.it/KOTG
2026-02-04,100 Flowers Hidden Deep,2002,https://boxd.it/YKoi
2026-02-04,Skyscraper Live,2026,https://boxd.it/ZAcy
2026-02-04,Windowlicker,2020,https://boxd.it/urNo
2026-02-04,The Secret Garden,1993,https://boxd.it/1Uim
2026-02-05,A Traveler's Needs,2024,https://boxd.it/Hm5i
2026-02-05,Bean Cake,2001,https://boxd.it/44KO
2026-02-06,Conclave,2024,https://boxd.it/AO8q
2026-02-08,The Outrun,2024,https://boxd.it/txPo
2026-02-09,Taxi Driver,1976,https://boxd.it/2b8y
2026-02-09,Annette,2021,https://boxd.it/f0RS
2026-02-10,The Trip to Squash Land,1967,https://boxd.it/6fLC
2026-02-10,Why Try to Escape from That Which You Know You Can't Escape From? Because You Are a Coward,1970,https://boxd.it/7KEO
2026-02-10,A Flower,1971,https://boxd.it/7KEY
2026-02-11,The Element of Crime,1984,https://boxd.it/1Zg6
2026-02-12,Radio Days,1987,https://boxd.it/1kms
2026-02-14,Look Back,2024,https://boxd.it/LjA6
2026-02-15,The Blair Witch Project,1999,https://boxd.it/26ua
2026-02-16,Epidemic,1987,https://boxd.it/1ntm
2026-02-16,Last Train Home,2009,https://boxd.it/Pcm
2026-02-18,The Name of the Rose,1986,https://boxd.it/2aUw
2026-02-25,Beau Is Afraid,2023,https://boxd.it/u2gE
2026-02-25,Europa,1991,https://boxd.it/1ZfM
2026-02-27,Medea,1988,https://boxd.it/1d7q
2026-02-27,Wonder,2017,https://boxd.it/ekeY
