Date,Content
2025-10-22,https://boxd.it/B9eOG
2025-10-22,https://boxd.it/1Rhi
2025-10-27,https://boxd.it/2Dzwo
2025-10-27,https://boxd.it/eCnyI
2025-10-27,https://boxd.it/j7cyU
2025-11-07,https://boxd.it/pDmkw
2025-11-07,https://boxd.it/2Qq4Q
2025-11-07,https://boxd.it/2VQVG
2025-11-07,https://boxd.it/2R2F6
2025-11-07,https://boxd.it/3wKW
2025-11-07,https://boxd.it/3UAXI
2025-12-30,https://boxd.it/cw2WO
2026-01-04,https://boxd.it/D7rue
2026-01-11,https://boxd.it/8HjM
2026-01-21,https://boxd.it/f8EAq
2026-01-21,https://boxd.it/jlyNq
2026-01-21,https://boxd.it/55Mq
2026-02-07,https://boxd.it/lZsfg
2026-02-16,https://boxd.it/UkEI
