Date,Name,Year,Letterboxd URI,Rating,Rewatch,Tags,Watched Date
2025-10-21,The Godfather Part II,1974,https://boxd.it/brqofx,5,,,2023-08-06
2025-10-21,The Black Hole,1979,https://boxd.it/brqnXD,4,,,2023-12-28
2025-10-21,Rocky Balboa,2006,https://boxd.it/brqo79,,,,2024-02-13
2025-10-30,Rocky Balboa,2006,https://boxd.it/bwZSr9,4,Yes,,2024-02-13
2025-10-21,Scarecrow,1973,https://boxd.it/brqo29,5,,,2024-02-25
2025-10-21,Dead Leaves,2004,https://boxd.it/brqnxZ,3,,,2024-06-01
2025-10-21,Breakfast,2019,https://boxd.it/brqncn,4,,,2024-06-08
2025-10-21,Loop,2020,https://boxd.it/brqncx,3,,,2024-06-08
2025-10-21,The Haunted Mansion,2003,https://boxd.it/brqn5B,3,,,2024-06-15
2025-10-21,Fury,2014,https://boxd.it/brqn4D,4,,,2024-06-27
2025-10-21,Equilibrium,2002,https://boxd.it/brqn2x,4,,,2024-06-29
2025-10-21,if....,1968,https://boxd.it/brqmLh,3,,,2024-10-02
2025-10-21,Champagne,1928,https://boxd.it/brqmwh,,,,2024-10-27
2025-10-21,The Old Gun,1975,https://boxd.it/brqmvN,4,,,2024-11-05
2025-10-21,Breathe,2014,https://boxd.it/brqmp1,,,,2024-11-08
2025-10-21,Pitfall,1948,https://boxd.it/brqmn5,3,,,2024-11-14
2025-10-21,Touching,2021,https://boxd.it/brqmmB,3,,,2024-11-17
2025-10-21,Elephant,2003,https://boxd.it/brqmE1,5,,,2025-02-18
2025-10-21,The Wind,1928,https://boxd.it/brqm27,4,,,2025-05-24
2025-10-21,Color Out of Space,2019,https://boxd.it/brqm19,3,,,2025-06-08
2025-10-21,In the Name of the Law,1949,https://boxd.it/brqlVP,,,,2025-06-27
2025-10-21,Nostalgia,1983,https://boxd.it/brqlVb,,,,2025-06-30
2025-10-21,Aquamarine,2006,https://boxd.it/brqlE5,,,,2025-09-30
2025-10-21,The King of Comedy,1982,https://boxd.it/brqlEz,4,,,2025-09-30
2025-10-21,Miracle in Cell No. 7,2019,https://boxd.it/brqlyB,1,,,2025-10-11
2025-10-21,Before Sunrise,1995,https://boxd.it/brqlyh,4,,,2025-10-15
2025-10-28,The Wedding Banquet,2025,https://boxd.it/bwjd61,,,,2025-10-28
2025-10-30,Wonder,2017,https://boxd.it/bwZIpR,,Yes,,2025-10-29
2025-10-30,Rocky Balboa,2006,https://boxd.it/bwZRLH,4,Yes,,2025-10-29
2025-11-03,The Matrix Reloaded,2003,https://boxd.it/bzQkZv,3,,,2025-11-02
2026-01-09,Elephant,2003,https://boxd.it/cwjVl3,5,Yes,,2026-01-08
2026-01-12,Alien: Romulus,2024,https://boxd.it/cB8g4N,3.5,Yes,,2026-01-12
2026-01-18,Beijing 2008 Olympic Opening Ceremony,2008,https://boxd.it/cHndFF,,,,2026-01-18
2026-01-21,The Matrix Reloaded,2003,https://boxd.it/cJLcdh,2.5,,,2026-01-20
2026-01-25,Girls Will Be Girls,2024,https://boxd.it/cOBtN7,3,,,2026-01-25
