Letterboxd list export v7
Date,Name,Tags,URL,Description
2026-02-14,Christopher Nolan,,https://boxd.it/SA8me,

Position,Name,Year,URL,Description
1,Interstellar,2014,https://boxd.it/4VZ8,
2,Oppenheimer,2023,https://boxd.it/wUow,
3,Dunkirk,2017,https://boxd.it/d0Y6,
4,Tenet,2020,https://boxd.it/leq4,
5,Memento,2000,https://boxd.it/2bcK,
6,Inception,2010,https://boxd.it/1skk,
7,The Dark Knight,2008,https://boxd.it/2b0k,
8,Insomnia,2002,https://boxd.it/2aB0,
9,The Prestige,2006,https://boxd.it/293w,
10,Following,1998,https://boxd.it/1Tj4,
11,Batman Begins,2005,https://boxd.it/2aIg,
12,The Dark Knight Rises,2012,https://boxd.it/H3m,
